planCode,planName,planBudget,branchCode,branchName,l1Code,l1Name,l2Code,l2Name,level,amount,desc,headcount,descIdx,nameMatched,multiSum,descShared,inferred,ambiguous,orphan,inheritedSub,comboMatched
"3203100100","一般行政","970,247","01","人員維持","","","","","分支計畫","920740","","","","","","","","","","",""
"3203100100","一般行政","970,247","01","人員維持","1000","人事費","","","用途別一級","920740","","","","","","","","","","",""
"3203100100","一般行政","970,247","01","人員維持","1000","人事費","1010","政務人員待遇","用途別二級","5027","政務人員2人。","true","","","","","","","","",""
"3203100100","一般行政","970,247","01","人員維持","1000","人事費","1015","法定編制人員待遇","用途別二級","468560","法定編制人員504人、駐警1人。","true","","","","","","","","",""
"3203100100","一般行政","970,247","01","人員維持","1000","人事費","1020","約聘僱人員待遇","用途別二級","132810","聘用人員32人、約僱人員213人。","true","","","","","","","","",""
"3203100100","一般行政","970,247","01","人員維持","1000","人事費","1025","技工及工友待遇","用途別二級","6740","技工6人、駕駛3人、工友9人。","true","","","","","","","","",""
"3203100100","一般行政","970,247","01","人員維持","1000","人事費","1030","獎金","用途別二級","124583","","","","","","","","","","",""
"3203100100","一般行政","970,247","01","人員維持","1000","人事費","1035","其他給與","用途別二級","12464","","","","","","","","","","",""
"3203100100","一般行政","970,247","01","人員維持","1000","人事費","1040","加班費","用途別二級","50181","","","","","","","","","","",""
"3203100100","一般行政","970,247","01","人員維持","1000","人事費","1050","退休離職儲金","用途別二級","60500","","","","","","","","","","",""
"3203100100","一般行政","970,247","01","人員維持","1000","人事費","1055","保險","用途別二級","59875","","","","","","","","","","",""
"3203100100","一般行政","970,247","02","基本行政工作維持","","","","","分支計畫","47217","","","","","","","","","","",""
"3203100100","一般行政","970,247","02","基本行政工作維持","2000","業務費","","","用途別一級","46749","1.業務費46,749千元。","","1","true","","","","","","",""
"3203100100","一般行政","970,247","02","基本行政工作維持","2000","業務費","2003","教育訓練費","用途別二級","90","(1)辦理現職人員教育研習相關訓練費用等90千元。","","2","","","","","","","",""
"3203100100","一般行政","970,247","02","基本行政工作維持","2000","業務費","2006","水電費","用途別二級","7552","(2)本總處行政院區辦公室、廣博大樓及中部辦公園區等之水費356千元、電費(含備援電力基本電費)7,166千元及瓦斯費30千元，合計7,552千元。","","3","","","","","","","",""
"3203100100","一般行政","970,247","02","基本行政工作維持","2000","業務費","2009","通訊費","用途別二級","4260","(3)通訊費編列4,260千元，內容如下：<1>一般公務所需電話及郵資等費用1,855千元。<2>會議室數據通訊費2,405千元。","","4","true","","","","","","",""
"3203100100","一般行政","970,247","02","基本行政工作維持","2000","業務費","2021","其他業務租金","用途別二級","530","(4)行政作業所需影印機租金530千元。","","5","","","","","","","",""
"3203100100","一般行政","970,247","02","基本行政工作維持","2000","業務費","2024","稅捐及規費","用途別二級","140","(5)本總處公務車輛牌照稅85千元、燃料使用費50千元及檢驗費用5千元，合計140千元。","","6","","","","","","","",""
"3203100100","一般行政","970,247","02","基本行政工作維持","2000","業務費","2027","保險費","用途別二級","440","(6)本總處公務車保險費63千元、資料登錄人員勞健保費等278千元及廣博大樓建築物火災保險費等99千元，合計440千元。","","7","true","","","","","","",""
"3203100100","一般行政","970,247","02","基本行政工作維持","2000","業務費","2033","約用人員酬金","用途別二級","1539","(7)資料登錄人員酬金1,539千元。","","8","","","","","","","",""
"3203100100","一般行政","970,247","02","基本行政工作維持","2000","業務費","2036","按日按件計資酬金","用途別二級","100","(8)按日按件計資酬金100千元，內容如下：<1>本總處法規會、性別平等專案小組委員、採購評選委員及查核委員出席費60千元。<2>專題演講鐘點費等40千元。","","9","true","","","","","","",""
"3203100100","一般行政","970,247","02","基本行政工作維持","2000","業務費","2051","物品","用途別二級","2360","(9)物品編列2,360千元，內容如下：<1>購置文具、紙張、電腦耗材及清潔用品等1,304千元。<2>公務車9輛油料費410千元。<3>購置檔案架及辦公椅等非消耗品646千元。","","10","true","","","","","","",""
"3203100100","一般行政","970,247","02","基本行政工作維持","2000","業務費","2054","一般事務費","用途別二級","23571","(10)辦理員工各項活動依規定標準編列2,373千元。(11)員工協助方案、依法頒授印信職章、國會聯絡事宜、辦公室清潔維護、資料登錄、文書檔案處理、保全、駕駛、雜支等費用計21,198千元。","","11","","true","","","","","",""
"3203100100","一般行政","970,247","02","基本行政工作維持","2000","業務費","2063","房屋建築養護費","用途別二級","1955","(12)房舍維護修繕費1,955千元。","","13","","","","","","","",""
"3203100100","一般行政","970,247","02","基本行政工作維持","2000","業務費","2066","器具養護費","用途別二級","453","(13)車輛及辦公器具養護費依規定標準分別編列434千元及19千元，合計453千元。","","14","true","","","","","","",""
"3203100100","一般行政","970,247","02","基本行政工作維持","2000","業務費","2069","設施及機械設備養護費","用途別二級","2438","(14)本總處廣博大樓電梯、高低壓電力設備之維修保養費1,849千元及辦公廳機電設備、中央空調、冷卻水塔、員工飲水機濾心更換、定期保養費等589千元，合計2,438千元。","","15","","","","","","","",""
"3203100100","一般行政","970,247","02","基本行政工作維持","2000","業務費","2072","國內旅費","用途別二級","175","(15)辦理秘書、人事、庶務、主計及政風等業務之出差旅費175千元。","","16","","","","","","","",""
"3203100100","一般行政","970,247","02","基本行政工作維持","2000","業務費","2081","運費","用途別二級","148","(16)文書資料及物品運送費148千元。","","17","","","","","","","",""
"3203100100","一般行政","970,247","02","基本行政工作維持","2000","業務費","2084","短程車資","用途別二級","53","(17)洽公短程車資53千元。","","18","true","","","","","","",""
"3203100100","一般行政","970,247","02","基本行政工作維持","2000","業務費","2093","特別費","用途別二級","945","(18)依規定標準編列主計長及副主計長，全年特別費945千元。","","19","true","","","","","","",""
"3203100100","一般行政","970,247","02","基本行政工作維持","4000","獎補助費","","","用途別一級","468","2.退休退職人員78人三節慰問金，每人每年6千元，合計468千元。","","20","","","true","","","","",""
"3203100100","一般行政","970,247","02","基本行政工作維持","4000","獎補助費","4085","獎勵及慰問","用途別二級","468","2.退休退職人員78人三節慰問金，每人每年6千元，合計468千元。","","20","","","true","","","","",""
"3203100100","一般行政","970,247","03","政府內部控制監督機制規劃及督導","","","","","分支計畫","2290","","","","","","","","","","",""
"3203100100","一般行政","970,247","03","政府內部控制監督機制規劃及督導","2000","業務費","","","用途別一級","2290","本分支計畫為強化政府內部控制監督機制等，計編列業務費2,290千元，內容如下：","","0","true","","true","","","","",""
"3203100100","一般行政","970,247","03","政府內部控制監督機制規劃及督導","2000","業務費","2003","教育訓練費","用途別二級","30","1.同仁赴各公私立訓練機構進修相關課程所需費用30千元。","","1","","","","","","","",""
"3203100100","一般行政","970,247","03","政府內部控制監督機制規劃及督導","2000","業務費","2009","通訊費","用途別二級","133","2.辦理政府內部控制監督機制規劃及督導業務聯繫用電話及郵資等133千元。","","2","","","","","","","",""
"3203100100","一般行政","970,247","03","政府內部控制監督機制規劃及督導","2000","業務費","2021","其他業務租金","用途別二級","100","3.辦理政府內部控制監督機制規劃及督導業務所需影印機租金100千元。","","3","","","","","","","",""
"3203100100","一般行政","970,247","03","政府內部控制監督機制規劃及督導","2000","業務費","2036","按日按件計資酬金","用途別二級","421","","","","","","","","","","",""
"3203100100","一般行政","970,247","03","政府內部控制監督機制規劃及督導","2000","業務費","2045","國內組織會費","用途別二級","12","4.參加國內專業組織或學術團體之會費12千元。","","4","","","","","","","",""
"3203100100","一般行政","970,247","03","政府內部控制監督機制規劃及督導","2000","業務費","2051","物品","用途別二級","131","5.辦理政府內部控制監督機制規劃及督導業務所需書刊、紙張、物品及耗材等131千元。","","5","true","","","","","","",""
"3203100100","一般行政","970,247","03","政府內部控制監督機制規劃及督導","2000","業務費","2054","一般事務費","用途別二級","1177","6.辦理政府內部控制監督作業及內部控制聲明書簽署作業等研習、資料登錄及文書處理作業與相關雜支等977千元。","","6","","","","false","true","","",""
"3203100100","一般行政","970,247","03","政府內部控制監督機制規劃及督導","2000","業務費","2072","國內旅費","用途別二級","16","7.辦理政府內部控制監督機制規劃及督導業務所需國內旅費16千元。","","7","true","","","","","","",""
"3203100100","一般行政","970,247","03","政府內部控制監督機制規劃及督導","2000","業務費","2078","國外旅費","用途別二級","260","8.派員出席OECD資深預算官員委員會績效及成果會議所需國外旅費260千元。","","8","true","","","","","","",""
"3203100100","一般行政","970,247","03","政府內部控制監督機制規劃及督導","2000","業務費","2084","短程車資","用途別二級","10","9.洽公短程車資10千元。","","9","true","","","","","","",""
"3203100100","一般行政","970,247","03","政府內部控制監督機制規劃及督導","","","","","未歸戶說明","","10.辦理主計業務創新變革精進評審及獎勵等621千元。","","","","","","","","true","",""
"3203101000","中央總預算核編及執行","5,314","01","中央總預算之核編與執行","","","","","分支計畫","4686","","","","","","","","","","",""
"3203101000","中央總預算核編及執行","5,314","01","中央總預算之核編與執行","2000","業務費","","","用途別一級","4686","本分支計畫為辦理中央政府總預算之審議與編印、預算制度之研究改進及派員實地查核各公務機關預算執行等工作，計編列業務費4,686千元，內容如下：","","0","true","","true","","","","",""
"3203101000","中央總預算核編及執行","5,314","01","中央總預算之核編與執行","2000","業務費","2003","教育訓練費","用途別二級","30","1.同仁赴各公私立學校修習學位、學分或研究等所需費用30千元。","","1","","","","","","","",""
"3203101000","中央總預算核編及執行","5,314","01","中央總預算之核編與執行","2000","業務費","2009","通訊費","用途別二級","332","2.公務聯繫用電話費及郵資332千元。","","2","","","","","","","",""
"3203101000","中央總預算核編及執行","5,314","01","中央總預算之核編與執行","2000","業務費","2021","其他業務租金","用途別二級","291","3.公務所需影印機租金291千元。","","3","","","","","","","",""
"3203101000","中央總預算核編及執行","5,314","01","中央總預算之核編與執行","2000","業務費","2036","按日按件計資酬金","用途別二級","65","4.辦理預算編製與執行相關法令研習課程等計65千元，內容如下：(1)出席費15千元。(2)講座鐘點費50千元。","","4","","","","","","","true",""
"3203101000","中央總預算核編及執行","5,314","01","中央總預算之核編與執行","2000","業務費","2051","物品","用途別二級","354","5.辦理總預算核編與查核各公務機關預算執行所需紙張、電腦耗材、碳粉匣、文具、表件、報告及購置相關圖書等計354千元，內容如下：(1)消耗品314千元。(2)非消耗品40千元。","","6","","","","","","","true",""
"3203101000","中央總預算核編及執行","5,314","01","中央總預算之核編與執行","2000","業務費","2054","一般事務費","用途別二級","3020","6.編印總預算編製作業手冊、中央政府總預算案總說明及主要附表、歲入來源別歲出政事別預算表及參考表、歲出機關別預算表、外交國防機密歲出政事別機關別預算表及相關參考表、中央政府總預算案審查總報告、中央政府總預算歲入來源別歲出政事別預算表及參考表、歲出機關別預算表、外交國防機密歲出政事別機關別預算表及相關參考表等，以及預算執行作業手冊與第二預備金動支數額表等2,695千元；其他有關辦理總預算核編所需各項雜支等計325千元，合計3,020千元。","","8","","","","","","","",""
"3203101000","中央總預算核編及執行","5,314","01","中央總預算之核編與執行","2000","業務費","2066","器具養護費","用途別二級","13","7.公務用電腦及其週邊設備維修等辦公器具養護費13千元。","","9","true","","","","","","",""
"3203101000","中央總預算核編及執行","5,314","01","中央總預算之核編與執行","2000","業務費","2072","國內旅費","用途別二級","75","8.核編中央政府總預算及派員查核各公務機關預算執行情形等所需出差旅費75千元。","","10","","","","","","","",""
"3203101000","中央總預算核編及執行","5,314","01","中央總預算之核編與執行","2000","業務費","2078","國外旅費","用途別二級","461","9.派員出席2026年OECD資深預算官員委員會年度會議及亞洲資深預算官員會議所需國外旅費461千元。","","11","true","","","","","","",""
"3203101000","中央總預算核編及執行","5,314","01","中央總預算之核編與執行","2000","業務費","2084","短程車資","用途別二級","45","10.洽公短程車資45千元。","","12","true","","","","","","",""
"3203101000","中央總預算核編及執行","5,314","02","地方政府主計業務之督導與查核","","","","","分支計畫","628","","","","","","","","","","",""
"3203101000","中央總預算核編及執行","5,314","02","地方政府主計業務之督導與查核","2000","業務費","","","用途別一級","628","本分支計畫為督導地方預算編製及執行業務暨預算資料蒐集與分析、辦理地方災害防救經費之協助相關業務、辦理地方公務預算編製作業人員專業研習等業務，計編列業務費628千元，內容如下：","","0","true","","true","","","","",""
"3203101000","中央總預算核編及執行","5,314","02","地方政府主計業務之督導與查核","2000","業務費","2003","教育訓練費","用途別二級","50","1.同仁赴各公私立訓練機構研習相關課程所需費用50千元。","","1","","","","true","","","",""
"3203101000","中央總預算核編及執行","5,314","02","地方政府主計業務之督導與查核","2000","業務費","2009","通訊費","用途別二級","60","2.與地方政府公務業務聯繫用電話費及郵資等60千元。","","2","","","","","","","",""
"3203101000","中央總預算核編及執行","5,314","02","地方政府主計業務之督導與查核","2000","業務費","2021","其他業務租金","用途別二級","70","3.公務所需影印機租金70千元。","","3","","","","","","","",""
"3203101000","中央總預算核編及執行","5,314","02","地方政府主計業務之督導與查核","2000","業務費","2051","物品","用途別二級","50","4.辦理地方政府主計相關業務之督導與查核所需紙張、文具、表件等50千元，內容如下：(1)消耗品40千元。(2)非消耗品10千元。","","","","","","true","","","",""
"3203101000","中央總預算核編及執行","5,314","02","地方政府主計業務之督導與查核","2000","業務費","2054","一般事務費","用途別二級","212","5.訂修直轄市、縣（市）地方總預算編製、單位預算執行規範等業務所需之印刷、雜支等212千元。","","6","","","","","","","",""
"3203101000","中央總預算核編及執行","5,314","02","地方政府主計業務之督導與查核","2000","業務費","2066","器具養護費","用途別二級","2","6.辦公用機具及設施等所需養護費7千元。","","","","","true","","true","","",""
"3203101000","中央總預算核編及執行","5,314","02","地方政府主計業務之督導與查核","2000","業務費","2069","設施及機械設備養護費","用途別二級","5","6.辦公用機具及設施等所需養護費7千元。","","","","","true","","true","","",""
"3203101000","中央總預算核編及執行","5,314","02","地方政府主計業務之督導與查核","2000","業務費","2072","國內旅費","用途別二級","176","7.派員赴直轄市、縣（市）政府實地考核其預算編列與執行情形及辦理地方災害復建之現勘等業務所需差旅費176千元。","","8","","","","","","","",""
"3203101000","中央總預算核編及執行","5,314","02","地方政府主計業務之督導與查核","2000","業務費","2084","短程車資","用途別二級","3","8.洽公短程車資3千元。","","9","true","","","","","","",""
"3203101100","特種基金預算核編及執行","2,749","01","特種基金預算核編及執行","","","","","分支計畫","2749","","","","","","","","","","",""
"3203101100","特種基金預算核編及執行","2,749","01","特種基金預算核編及執行","2000","業務費","","","用途別一級","2749","本分支計畫為辦理特種基金預算之籌編、編印與執行經費，計編列業務費2,749千元，內容如下：","","0","true","","true","","","","",""
"3203101100","特種基金預算核編及執行","2,749","01","特種基金預算核編及執行","2000","業務費","2003","教育訓練費","用途別二級","10","1.同仁赴國內公私立各級學校修習學位、學分等相關費用之補助10千元。","","1","","","","true","","","",""
"3203101100","特種基金預算核編及執行","2,749","01","特種基金預算核編及執行","2000","業務費","2009","通訊費","用途別二級","230","2.公務聯繫用電話費及郵資230千元。","","2","","","","","","","",""
"3203101100","特種基金預算核編及執行","2,749","01","特種基金預算核編及執行","2000","業務費","2021","其他業務租金","用途別二級","500","3.公務所需影印機租金500千元。","","3","","","","","","","",""
"3203101100","特種基金預算核編及執行","2,749","01","特種基金預算核編及執行","2000","業務費","2036","按日按件計資酬金","用途別二級","10","4.辦理預算編製與執行相關法令研習等課程所需授課鐘點費10千元。","","4","","","","true","","","",""
"3203101100","特種基金預算核編及執行","2,749","01","特種基金預算核編及執行","2000","業務費","2051","物品","用途別二級","422","5.物品422千元，內容如下：(1)文具、紙張、碳粉匣、相關法令書刊、圖書260千元。(2)購置公文櫃、資料櫃及計算機等162千元。","","5","true","","","","","","true",""
"3203101100","特種基金預算核編及執行","2,749","01","特種基金預算核編及執行","2000","業務費","2054","一般事務費","用途別二級","1271","6.印製中央政府總預算案附屬單位預算及綜計表、總預算附屬單位預算編製作業手冊、附屬單位預算執行作業手冊、中央政府總預算附屬單位預算及綜計表（審定表）、特種基金審查與簡報等有關資料1,271千元。","","7","","","","","","","",""
"3203101100","特種基金預算核編及執行","2,749","01","特種基金預算核編及執行","2000","業務費","2066","器具養護費","用途別二級","4","7.公務用電腦及其週邊設備等辦公器具養護費等10千元。","","","","","true","","true","","",""
"3203101100","特種基金預算核編及執行","2,749","01","特種基金預算核編及執行","2000","業務費","2069","設施及機械設備養護費","用途別二級","6","7.公務用電腦及其週邊設備等辦公器具養護費等10千元。","","","","","true","","true","","",""
"3203101100","特種基金預算核編及執行","2,749","01","特種基金預算核編及執行","2000","業務費","2072","國內旅費","用途別二級","14","8.派員抽查及實地瞭解特種基金業務差旅費14千元。","","9","","","","","","","",""
"3203101100","特種基金預算核編及執行","2,749","01","特種基金預算核編及執行","2000","業務費","2078","國外旅費","用途別二級","272","9.派員出席OECD綠色預算之巴黎合作會議所需國外旅費272千元。","","10","true","","","","","","",""
"3203101100","特種基金預算核編及執行","2,749","01","特種基金預算核編及執行","2000","業務費","2084","短程車資","用途別二級","10","10.洽公短程車資10千元。","","11","true","","","","","","",""
"3203101200","會計及決算業務","3,172","01","會計事務處理及決算核編","","","","","分支計畫","3172","","","","","","","","","","",""
"3203101200","會計及決算業務","3,172","01","會計事務處理及決算核編","2000","業務費","","","用途別一級","3172","本分支計畫為審核各機關會計報告等會計事務之處理，核編114年度中央政府總決算暨附屬單位決算及綜計表，加強督導考核中央政府各機關及各特種基金會計制度之實施狀況，研修政府會計相關規制及加強政府會計理論與實務之研究，計編列業務費3,172千元，內容如下：","","0","true","","true","","","","",""
"3203101200","會計及決算業務","3,172","01","會計事務處理及決算核編","2000","業務費","2009","通訊費","用途別二級","207","1.業務聯繫用電話費及郵資等費用207千元。","","1","","","","","","","",""
"3203101200","會計及決算業務","3,172","01","會計事務處理及決算核編","2000","業務費","2021","其他業務租金","用途別二級","187","2.辦理會計決算業務所需影印機租金187千元。","","2","","","","","","","",""
"3203101200","會計及決算業務","3,172","01","會計事務處理及決算核編","2000","業務費","2036","按日按件計資酬金","用途別二級","105","3.辦理政府會計理論與實務之研究作業及研修相關規制所需會議出席費等105千元。","","3","","","","","","","",""
"3203101200","會計及決算業務","3,172","01","會計事務處理及決算核編","2000","業務費","2045","國內組織會費","用途別二級","30","4.參加財團法人中華民國會計研究發展基金會團體會員會費30千元。","","4","","","","","","","",""
"3203101200","會計及決算業務","3,172","01","會計事務處理及決算核編","2000","業務費","2051","物品","用途別二級","381","5.辦理會計決算業務所需電腦耗材、碳粉匣、紙張及文具等計381千元。","","5","","","","","","","",""
"3203101200","會計及決算業務","3,172","01","會計事務處理及決算核編","2000","業務費","2054","一般事務費","用途別二級","1814","6.編印中央政府總決算暨附屬單位決算及綜計表、中央政府總預算暨附屬單位預算半年結算報告及綜計表、總決算及半年結算報告編製作業手冊等782千元；資料登錄及文書處理作業費計1,032千元，合計1,814千元。","","6","","","","","","","",""
"3203101200","會計及決算業務","3,172","01","會計事務處理及決算核編","2000","業務費","2072","國內旅費","用途別二級","151","7.派員抽查各機關決算及會計制度實施狀況之國內旅費151千元。","","7","true","","","","","","",""
"3203101200","會計及決算業務","3,172","01","會計事務處理及決算核編","2000","業務費","2078","國外旅費","用途別二級","272","8.參加第26屆OECD年度資深財務管理及報導官員研討會所需國外旅費272千元。","","8","true","","","","","","",""
"3203101200","會計及決算業務","3,172","01","會計事務處理及決算核編","2000","業務費","2081","運費","用途別二級","2","9.檔案搬運費2千元。","","9","true","","","","","","",""
"3203101200","會計及決算業務","3,172","01","會計事務處理及決算核編","2000","業務費","2084","短程車資","用途別二級","23","10.洽公短程車資23千元。","","10","true","","","","","","",""
"3203101300","綜合統計業務","27,082","01","辦理統計行政與統計標準","","","","","分支計畫","946","","","","","","","","","","",""
"3203101300","綜合統計業務","27,082","01","辦理統計行政與統計標準","2000","業務費","","","用途別一級","946","本分支計畫為辦理統計行政與統計標準經費，計編列業務費946千元，內容如下：","","0","true","","true","","","","",""
"3203101300","綜合統計業務","27,082","01","辦理統計行政與統計標準","2000","業務費","2003","教育訓練費","用途別二級","5","1.現職人員進修與業務有關課程等相關費用之補助5千元。","","1","","","","true","","","",""
"3203101300","綜合統計業務","27,082","01","辦理統計行政與統計標準","2000","業務費","2009","通訊費","用途別二級","83","2.業務聯繫用電話及郵資等費用83千元。","","2","","","","","","","",""
"3203101300","綜合統計業務","27,082","01","辦理統計行政與統計標準","2000","業務費","2018","資訊服務費","用途別二級","115","3.資訊服務費編列115千元，內容如下：(1)資訊設備維護費10千元。(2)「D-Security原始檔案保護系統」軟體升級一年授權及編輯軟體經費105千元。","","3","true","","","","","","true",""
"3203101300","綜合統計業務","27,082","01","辦理統計行政與統計標準","2000","業務費","2036","按日按件計資酬金","用途別二級","36","4.按日按件計資酬金編列36千元，內容如下：(1)邀請專家學者演講26千元。(2)統計資料審查、譯稿及撰稿等費用10千元。","","5","true","","","","","","true",""
"3203101300","綜合統計業務","27,082","01","辦理統計行政與統計標準","2000","業務費","2051","物品","用途別二級","182","5.物品182千元，內容如下：(1)訂購業務圖書、文具紙張、辦公用品及電腦耗材等135千元。(2)購買辦公椅、桌邊櫃及計算機等47千元。","","7","true","","","","","","true",""
"3203101300","綜合統計業務","27,082","01","辦理統計行政與統計標準","2000","業務費","2054","一般事務費","用途別二級","512","6.舉辦統計學術研討會等會議400千元；行業統計分類等統計資料登錄、掃描、影印及裝訂費112千元，合計512千元。","","9","","","","","","","",""
"3203101300","綜合統計業務","27,082","01","辦理統計行政與統計標準","2000","業務費","2066","器具養護費","用途別二級","2","7.辦公器具與設施等養護費4千元。","","10","","","true","","","","","true"
"3203101300","綜合統計業務","27,082","01","辦理統計行政與統計標準","2000","業務費","2069","設施及機械設備養護費","用途別二級","2","7.辦公器具與設施等養護費4千元。","","10","","","true","","","","","true"
"3203101300","綜合統計業務","27,082","01","辦理統計行政與統計標準","2000","業務費","2072","國內旅費","用途別二級","4","8.推展統計業務等所需國內旅費4千元。","","11","true","","","","","","",""
"3203101300","綜合統計業務","27,082","01","辦理統計行政與統計標準","2000","業務費","2084","短程車資","用途別二級","5","9.洽公短程車資5千元。","","12","true","","","","","","",""
"3203101300","綜合統計業務","27,082","02","辦理綜合統計","","","","","分支計畫","12652","","","","","","","","","","",""
"3203101300","綜合統計業務","27,082","02","辦理綜合統計","2000","業務費","","","用途別一級","12652","本分支計畫為辦理綜合統計經費，計編列業務費12,652千元，內容如下：","","0","true","","true","","","","",""
"3203101300","綜合統計業務","27,082","02","辦理綜合統計","2000","業務費","2009","通訊費","用途別二級","569","1.業務聯繫用電話及郵資等費用569千元。","","1","","","","","","","",""
"3203101300","綜合統計業務","27,082","02","辦理綜合統計","2000","業務費","2018","資訊服務費","用途別二級","2045","2.資訊服務費編列2,045千元，內容如下：(1)服務業營運及投資概況調查網路填報系統維護費、民間自建營繕工程調查網路填報系統前置作業維護費等250千元。(2)購買台灣經濟新報資料庫、全球總體經濟資訊分析查詢系統等1,795千元。","","2","true","","","","","","true",""
"3203101300","綜合統計業務","27,082","02","辦理綜合統計","2000","業務費","2021","其他業務租金","用途別二級","346","3.統計業務所需影印機租金346千元。","","4","","","","","","","",""
"3203101300","綜合統計業務","27,082","02","辦理綜合統計","2000","業務費","2030","兼職費","用途別二級","798","4.國民所得統計評審會聘用專家學者等所需各項兼職費798千元。","","5","true","","","","","","",""
"3203101300","綜合統計業務","27,082","02","辦理綜合統計","2000","業務費","2036","按日按件計資酬金","用途別二級","4674","5.按日按件計資酬金編列4,674千元，內容如下：(1)邀請專家學者研討統計議題及總資源供需估測外部評估會議出席費28千元。(2)統計資料審查、譯稿及撰稿等費用10千元。(3)物價相關調查訪查費與審核費3,759千元；服務業營運及投資概況調查訪查費與審核費877千元，合計4,636千元。","","6","true","","","","","","true",""
"3203101300","綜合統計業務","27,082","02","辦理綜合統計","2000","業務費","2039","委辦費","用途別二級","520","6.委外辦理每5年1次之「115年基期營造工程物價指數權數結構調查」母體資料蒐集及權數結構分析等，總經費2,200千元，本年度編列第1年經費520千元。","","9","","","","","","","",""
"3203101300","綜合統計業務","27,082","02","辦理綜合統計","2000","業務費","2051","物品","用途別二級","156","7.物品156千元，內容如下：(1)文具紙張、辦公用品及電腦耗材等81千元。(2)購買辦公椅、桌邊櫃及計算機等75千元。","","10","true","","","","","","true",""
"3203101300","綜合統計業務","27,082","02","辦理綜合統計","2000","業務費","2054","一般事務費","用途別二級","3042","8.國民所得統計年報、服務業營運及投資概況調查表件印刷費178千元；贈送物價調查紀念品1,177千元；物價統計月報等統計資料登錄、掃描、影印及裝訂費284千元；進用承攬人力支援服務業營運及投資概況調查570千元；物價基期年加細調查費828千元(每5年辦理1次)；服務業營運及投資概況調查勤前會議雜費等5千元，合計3,042千元。","","12","","","","","","","",""
"3203101300","綜合統計業務","27,082","02","辦理綜合統計","2000","業務費","2072","國內旅費","用途別二級","394","9.派員赴各縣市督導物價查報、服務業營運及投資概況調查及訪問調查樣本廠商等國內旅費194千元，各縣市調查工作人員參加服務業營運及投資概況調查勤前會議國內旅費等200千元，合計394千元。","","13","true","","","","","","",""
"3203101300","綜合統計業務","27,082","02","辦理綜合統計","2000","業務費","2078","國外旅費","用途別二級","81","10.參加亞洲開發銀行主辦之國際統計計畫相關會議81千元。","","14","","","","true","","","",""
"3203101300","綜合統計業務","27,082","02","辦理綜合統計","2000","業務費","2081","運費","用途別二級","12","11.國民所得統計評審會等會議資料快遞運費12千元。","","15","true","","","","","","",""
"3203101300","綜合統計業務","27,082","02","辦理綜合統計","2000","業務費","2084","短程車資","用途別二級","15","12.洽公短程車資15千元。","","16","true","","","","","","",""
"3203101300","綜合統計業務","27,082","03","辦理家庭收支統計","","","","","分支計畫","12639","","","","","","","","","","",""
"3203101300","綜合統計業務","27,082","03","辦理家庭收支統計","2000","業務費","","","用途別一級","12639","本分支計畫為辦理家庭收支統計經費，計編列業務費12,639千元，內容如下：","","0","true","","true","","","","",""
"3203101300","綜合統計業務","27,082","03","辦理家庭收支統計","2000","業務費","2003","教育訓練費","用途別二級","220","1.教育訓練費計編列220千元，內容如下：(1)現職人員進修與業務有關課程等相關費用之補助20千元。(2)各縣市調查工作人員參加講師、系統操作訓練200千元。","","1","true","","","","","","true",""
"3203101300","綜合統計業務","27,082","03","辦理家庭收支統計","2000","業務費","2009","通訊費","用途別二級","100","2.寄送家庭收支調查報告、資料複查表件等郵資及電話費100千元。","","3","","","","","","","",""
"3203101300","綜合統計業務","27,082","03","辦理家庭收支統計","2000","業務費","2018","資訊服務費","用途別二級","115","3.家庭收支調查系統、其他資訊設備及資訊技術維護費115千元。","","4","","","","","","","",""
"3203101300","綜合統計業務","27,082","03","辦理家庭收支統計","2000","業務費","2021","其他業務租金","用途別二級","50","4.公務所需影印機租金50千元。","","5","","","","true","","","",""
"3203101300","綜合統計業務","27,082","03","辦理家庭收支統計","2000","業務費","2036","按日按件計資酬金","用途別二級","6899","5.按日按件計資酬金計編列6,899千元，內容如下：(1)專家學者出席費10千元。(2)辦理家庭收支調查講習會講師鐘點費30千元。(3)家庭收支調查指導費160千元、訪查交通費2,550千元、審核費538千元、整理費73千元、記帳戶交通文具費2,196千元、資料登錄作業費1,342千元，合計6,859千元。","","6","true","","","","","","true",""
"3203101300","綜合統計業務","27,082","03","辦理家庭收支統計","2000","業務費","2051","物品","用途別二級","68","6.物品68千元，內容如下：(1)業務所需文具紙張、電腦消耗用品及業務參考書刊等50千元。(2)購買計算機、檯燈、桌邊櫃等辦公所需非消耗品等18千元。","","9","true","","","","","","true",""
"3203101300","綜合統計業務","27,082","03","辦理家庭收支統計","2000","業務費","2054","一般事務費","用途別二級","4740","7.一般事務費計編列4,740千元，內容如下：(1)家庭收支調查贈送受查戶調查紀念品1,430千元、記帳戶獎勵品230千元。(2)紅布幔及相關用品製作400千元、調查表件及調查報告印刷費848千元、樣本名冊製作150千元。(3)縣市贈送協助調查者紀念品700千元、縣市講習會相關費用575千元。(4)研討會場佈置及餐費53千元、績優單位及優秀工作人員獎牌（座）80千元、辦理講師、電腦系統訓練及雜支等費用274千元。","","11","true","","","","","","true",""
"3203101300","綜合統計業務","27,082","03","辦理家庭收支統計","2000","業務費","2066","器具養護費","用途別二級","6","8.辦公器具與設施等養護費12千元。","","15","","","true","","","","","true"
"3203101300","綜合統計業務","27,082","03","辦理家庭收支統計","2000","業務費","2069","設施及機械設備養護費","用途別二級","6","8.辦公器具與設施等養護費12千元。","","15","","","true","","","","","true"
"3203101300","綜合統計業務","27,082","03","辦理家庭收支統計","2000","業務費","2072","國內旅費","用途別二級","400","9.派員督導家庭收支調查及參加各項會議等國內旅費400千元。","","16","true","","","","","","",""
"3203101300","綜合統計業務","27,082","03","辦理家庭收支統計","2000","業務費","2081","運費","用途別二級","30","10.調查表件寄送各縣市運費30千元。","","17","true","","","","","","",""
"3203101300","綜合統計業務","27,082","03","辦理家庭收支統計","2000","業務費","2084","短程車資","用途別二級","5","11.洽公短程車資5千元。","","18","true","","","","","","",""
"3203101300","綜合統計業務","27,082","04","地方政府公務統計業務之推動輔導","","","","","分支計畫","845","","","","","","","","","","",""
"3203101300","綜合統計業務","27,082","04","地方政府公務統計業務之推動輔導","2000","業務費","","","用途別一級","845","本分支計畫為地方政府公務統計業務之推動輔導經費，計編列業務費845千元，內容如下：","","0","true","","true","","","","",""
"3203101300","綜合統計業務","27,082","04","地方政府公務統計業務之推動輔導","2000","業務費","2003","教育訓練費","用途別二級","25","1.參加業務相關研習課程所需費用25千元。","","1","","","","true","","","",""
"3203101300","綜合統計業務","27,082","04","地方政府公務統計業務之推動輔導","2000","業務費","2009","通訊費","用途別二級","40","2.電話費與郵資40千元。","","2","","","","","","","",""
"3203101300","綜合統計業務","27,082","04","地方政府公務統計業務之推動輔導","2000","業務費","2018","資訊服務費","用途別二級","50","3.辦理公務統計管理資訊系統操作維運技術服務費50千元。","","3","","","","","","","",""
"3203101300","綜合統計業務","27,082","04","地方政府公務統計業務之推動輔導","2000","業務費","2021","其他業務租金","用途別二級","25","4.公務所需影印機租金25千元。","","4","","","","true","","","",""
"3203101300","綜合統計業務","27,082","04","地方政府公務統計業務之推動輔導","2000","業務費","2036","按日按件計資酬金","用途別二級","63","5.辦理地方政府公務統計業務研習及相關會議講師鐘點費63千元。","","5","","","","","","","",""
"3203101300","綜合統計業務","27,082","04","地方政府公務統計業務之推動輔導","2000","業務費","2051","物品","用途別二級","60","6.物品計編列60千元，內容如下：(1)業務所需文具、紙張、電腦消耗用品及業務參考書刊等30千元。(2)購買計算機、桌邊櫃等辦公所需非消耗品30千元。","","6","true","","","","","","true",""
"3203101300","綜合統計業務","27,082","04","地方政府公務統計業務之推動輔導","2000","業務費","2054","一般事務費","用途別二級","240","7.辦理地方政府統計工作研討會、業務相關研習及會議等費用240千元。","","8","","","","","","","",""
"3203101300","綜合統計業務","27,082","04","地方政府公務統計業務之推動輔導","2000","業務費","2066","器具養護費","用途別二級","3","8.辦公器具與設施等養護費6千元。","","9","","","true","","","","","true"
"3203101300","綜合統計業務","27,082","04","地方政府公務統計業務之推動輔導","2000","業務費","2069","設施及機械設備養護費","用途別二級","3","8.辦公器具與設施等養護費6千元。","","9","","","true","","","","","true"
"3203101300","綜合統計業務","27,082","04","地方政府公務統計業務之推動輔導","2000","業務費","2072","國內旅費","用途別二級","331","9.派員赴地方政府推動及督導統計業務、參加各項會議等國內旅費331千元。","","10","true","","","","","","",""
"3203101300","綜合統計業務","27,082","04","地方政府公務統計業務之推動輔導","2000","業務費","2084","短程車資","用途別二級","5","10.洽公短程車資5千元。","","11","true","","","","","","",""
"3203101400","國勢普查業務","422,613","01","辦理農林漁牧業普查","","","","","分支計畫","294761","","","","","","","","","","",""
"3203101400","國勢普查業務","422,613","01","辦理農林漁牧業普查","2000","業務費","","","用途別一級","294761","本分支計畫係辦理每5年1次農林漁牧業普查各項工作，依「114年農林漁牧業普查」作業進程，115年主要工作為普查對象之實地訪查相關作業，計編列業務費294,761千元，內容如下：","","0","true","","true","","","","",""
"3203101400","國勢普查業務","422,613","01","辦理農林漁牧業普查","2000","業務費","2009","通訊費","用途別二級","9530","1.普查對象自主網路填報通知函、催報通訊費、各級普查臨時組織間普查相關表件寄送郵資及公務聯繫電話費9,530千元。","","1","true","","","","","","",""
"3203101400","國勢普查業務","422,613","01","辦理農林漁牧業普查","2000","業務費","2018","資訊服務費","用途別二級","6850","2.農林漁牧業普查網路填報系統、普查資料處理系統、普查統計結果表編製系統、普查區劃分系統等各項資訊系統維護及辦理普查智能客服、頻寬租用、備援服務等費用6,850千元(含資通安全經費388千元)。","","2","","","","","","","",""
"3203101400","國勢普查業務","422,613","01","辦理農林漁牧業普查","2000","業務費","2021","其他業務租金","用途別二級","50","3.辦理普查相關會議之場地租借費50千元。","","3","","","","","","","",""
"3203101400","國勢普查業務","422,613","01","辦理農林漁牧業普查","2000","業務費","2027","保險費","用途別二級","120","4.普查人員意外保險費120千元。","","4","true","","","","","","",""
"3203101400","國勢普查業務","422,613","01","辦理農林漁牧業普查","2000","業務費","2030","兼職費","用途別二級","29030","5.各級普查組織行政人員兼職工作酬勞費29,030千元。","","5","","","","","","","",""
"3203101400","國勢普查業務","422,613","01","辦理農林漁牧業普查","2000","業務費","2036","按日按件計資酬金","用途別二級","182730","6.按日按件計資酬金182,730千元，內容如下：(1)辦理普查勤前會議講師鐘點費1,241千元。(2)辦理普查各級工作人員之調查、審核及登錄等酬勞費181,489千元。","","6","true","","","","","","true",""
"3203101400","國勢普查業務","422,613","01","辦理農林漁牧業普查","2000","業務費","2051","物品","用途別二級","80","7.編製普查表件所需紙張及碳粉匣等消耗用品相關費用80千元。","","8","","","","","","","",""
"3203101400","國勢普查業務","422,613","01","辦理農林漁牧業普查","2000","業務費","2054","一般事務費","用途別二級","57035","8.一般事務費57,035千元，內容如下：(1)辦理每5年1次農林漁牧業普查宣導短片、短語製作及宣導訊息託播與刊登等費用16,938千元。(2)辦理普查對象通知函及各項普查表件印製與打包、名冊委外列印及普查資料處理費等14,155千元；辦理系統研習會、勤前會議、檢討會等餐費、普查人員意外傷害慰問金及雜支等費用2,565千元；各級普查組織辦公費及籲請普查對象配合填報相關物品製作費13,230千元；辦理績優普查組織及人員獎牌（狀）製作、獎勵金發放等經費10,147千元，合計40,097千元。","","9","true","","","","","","true",""
"3203101400","國勢普查業務","422,613","01","辦理農林漁牧業普查","2000","業務費","2072","國內旅費","用途別二級","9105","9.辦理各級普查人員系統研習會、勤前會議、檢討會、普查督導等差旅費與特別偏遠交通補助費9,105千元。","","11","","","","","","","",""
"3203101400","國勢普查業務","422,613","01","辦理農林漁牧業普查","2000","業務費","2081","運費","用途別二級","200","10.寄送普查相關資料、表件及物品等運費200千元。","","12","true","","","","","","",""
"3203101400","國勢普查業務","422,613","01","辦理農林漁牧業普查","2000","業務費","2084","短程車資","用途別二級","31","11.洽公短程車資31千元。","","13","true","","","","","","",""
"3203101400","國勢普查業務","422,613","02","辦理工業及服務業普查","","","","","分支計畫","32939","","","","","","","","","","",""
"3203101400","國勢普查業務","422,613","02","辦理工業及服務業普查","2000","業務費","","","用途別一級","32939","本分支計畫係辦理每5年1次工業及服務業普查各項工作，依「115年工業及服務業普查」作業進程，115年主要工作為普查前置作業及第2次試驗調查，計編列業務費32,939千元，內容如下：","","0","true","","true","","","","",""
"3203101400","國勢普查業務","422,613","02","辦理工業及服務業普查","2000","業務費","2009","通訊費","用途別二級","50","1.郵寄試驗調查表件及公務聯繫電話費50千元。","","1","","","","","","","",""
"3203101400","國勢普查業務","422,613","02","辦理工業及服務業普查","2000","業務費","2018","資訊服務費","用途別二級","2900","2.工業及服務業普查網路填報系統、普查資料處理系統及普查智能客服等服務費用2,900千元(含資通安全經費115千元)。","","2","","","","","","","",""
"3203101400","國勢普查業務","422,613","02","辦理工業及服務業普查","2000","業務費","2036","按日按件計資酬金","用途別二級","7805","3.辦理普查網路填報系統及行政作業管理系統研習會講師鐘點費312千元；試驗調查及抽樣調查對象判定各項酬勞費7,493千元，合計7,805千元。","","3","","","","","","","",""
"3203101400","國勢普查業務","422,613","02","辦理工業及服務業普查","2000","業務費","2051","物品","用途別二級","3719","4.辦理試驗調查及普查所需文具、工作袋等相關物品製作費用3,719千元。","","4","true","","","","","","",""
"3203101400","國勢普查業務","422,613","02","辦理工業及服務業普查","2000","業務費","2054","一般事務費","用途別二級","16856","5.辦理試驗調查、抽樣調查對象判定、普查需用作業手冊等相關表件印製，以及數位教材、情境教學等製作費用7,473千元；製作贈送受訪廠商填表紀念品3,750千元；製作海報、布幔等費用及雜支5,633千元，合計16,856千元。","","5","","","","","","","",""
"3203101400","國勢普查業務","422,613","02","辦理工業及服務業普查","2000","業務費","2072","國內旅費","用途別二級","1554","6.辦理試驗調查勤前會議、抽樣調查對象判定勤前會議差旅費549千元；普查網路填報系統及行政作業管理系統研習會差旅費1,005千元，合計1,554千元。","","6","","","","","","","",""
"3203101400","國勢普查業務","422,613","02","辦理工業及服務業普查","2000","業務費","2081","運費","用途別二級","35","7.試驗調查相關物品託運費35千元。","","7","true","","","","","","",""
"3203101400","國勢普查業務","422,613","02","辦理工業及服務業普查","2000","業務費","2084","短程車資","用途別二級","20","8.洽公短程車資20千元。","","8","true","","","","","","",""
"3203101400","國勢普查業務","422,613","03","辦理人口及住宅普查","","","","","分支計畫","1400","","","","","","","","","","",""
"3203101400","國勢普查業務","422,613","03","辦理人口及住宅普查","2000","業務費","","","用途別一級","1400","本分支計畫係辦理每10年1次人口及住宅普查、中間年常住人口推估與專題研究等相關工作，計編列業務費1,400千元，內容如下：","","0","true","","true","","","","",""
"3203101400","國勢普查業務","422,613","03","辦理人口及住宅普查","2000","業務費","2009","通訊費","用途別二級","100","1.郵寄各項資料及公務聯繫電話費100千元。","","1","","","","","","","",""
"3203101400","國勢普查業務","422,613","03","辦理人口及住宅普查","2000","業務費","2051","物品","用途別二級","70","2.編製專題報告所需紙張及電腦消耗用品等相關費用70千元。","","2","","","","","","","",""
"3203101400","國勢普查業務","422,613","03","辦理人口及住宅普查","2000","業務費","2054","一般事務費","用途別二級","1110","3.辦理普查專題研究、資料處理、各項會議資料印製及雜支等費用1,110千元。","","3","","","","","","","",""
"3203101400","國勢普查業務","422,613","03","辦理人口及住宅普查","2000","業務費","2072","國內旅費","用途別二級","40","4.辦理普查相關作業所需國內旅費40千元。","","4","true","","","","","","",""
"3203101400","國勢普查業務","422,613","03","辦理人口及住宅普查","2000","業務費","2081","運費","用途別二級","60","5.辦理普查資料、表件及物品等託運費60千元。","","5","true","","","","","","",""
"3203101400","國勢普查業務","422,613","03","辦理人口及住宅普查","2000","業務費","2084","短程車資","用途別二級","20","6.洽公短程車資20千元。","","6","true","","","","","","",""
"3203101400","國勢普查業務","422,613","04","普查資訊供應管理及發展","","","","","分支計畫","18276","","","","","","","","","","",""
"3203101400","國勢普查業務","422,613","04","普查資訊供應管理及發展","2000","業務費","","","用途別一級","18276","本分支計畫係蒐集國內外有關統計調查與經濟分析之資料，予以整理、翻譯、分析，並系統化處理、整合、應用各種普抽查資料檔，利用網際網路提供普查及抽樣調查相關統計資訊，加強推廣與應用，計編列業務費18,276千元，內容如下：","","0","true","","true","","","","",""
"3203101400","國勢普查業務","422,613","04","普查資訊供應管理及發展","2000","業務費","2003","教育訓練費","用途別二級","110","1.辦理人員教育研習相關訓練等費用110千元。","","1","","","","","","","",""
"3203101400","國勢普查業務","422,613","04","普查資訊供應管理及發展","2000","業務費","2009","通訊費","用途別二級","220","2.郵寄各項資料及公務聯繫電話費220千元。","","2","","","","","","","",""
"3203101400","國勢普查業務","422,613","04","普查資訊供應管理及發展","2000","業務費","2018","資訊服務費","用途別二級","6134","3.普抽查地址整編系統、普查地理資訊平臺、調查資訊管理系統、普查行政作業管理系統等服務及維護費用5,460千元；資訊設備維修保養500千元；工具軟體174千元，合計6,134千元(含資通安全經費763千元)。","","3","","","","","","","",""
"3203101400","國勢普查業務","422,613","04","普查資訊供應管理及發展","2000","業務費","2021","其他業務租金","用途別二級","572","4.公務所需影印機租金572千元。","","4","","","","","","","",""
"3203101400","國勢普查業務","422,613","04","普查資訊供應管理及發展","2000","業務費","2027","保險費","用途別二級","1284","5.約用人員雇主負擔保險費1,284千元。","","5","true","","","","","","",""
"3203101400","國勢普查業務","422,613","04","普查資訊供應管理及發展","2000","業務費","2030","兼職費","用途別二級","1050","6.普查評審會聘用專家學者所需兼職費1,050千元。","","6","true","","","","","","",""
"3203101400","國勢普查業務","422,613","04","普查資訊供應管理及發展","2000","業務費","2033","約用人員酬金","用途別二級","7180","7.約用人員資料整理酬勞費7,180千元。","","7","","","","","","","",""
"3203101400","國勢普查業務","422,613","04","普查資訊供應管理及發展","2000","業務費","2036","按日按件計資酬金","用途別二級","85","8.按日按件計資酬金85千元，內容如下：(1)邀請專家學者出席各種普查及抽樣調查會議出席費60千元。(2)普查資料翻譯稿費25千元。","","8","true","","","","","","true",""
"3203101400","國勢普查業務","422,613","04","普查資訊供應管理及發展","2000","業務費","2051","物品","用途別二級","300","9.物品300千元，內容如下：(1)消耗品含書籍、文具、紙張及電腦耗材等200千元。(2)非消耗品含購置桌椅、書櫃及計算機等100千元。","","10","true","","","","","","true",""
"3203101400","國勢普查業務","422,613","04","普查資訊供應管理及發展","2000","業務費","2054","一般事務費","用途別二級","1220","10.普查與抽樣調查資料處理費，各項會議資料、議程印製與裝訂及雜支等費用1,220千元。","","12","","","","","","","",""
"3203101400","國勢普查業務","422,613","04","普查資訊供應管理及發展","2000","業務費","2066","器具養護費","用途別二級","91","11.辦公事務機具保養維護費91千元。","","13","","","","","","","",""
"3203101400","國勢普查業務","422,613","04","普查資訊供應管理及發展","2000","業務費","2072","國內旅費","用途別二級","20","12.蒐集普查與抽樣調查資料、參加會議國內旅費20千元。","","14","true","","","","","","",""
"3203101400","國勢普查業務","422,613","04","普查資訊供應管理及發展","2000","業務費","2084","短程車資","用途別二級","10","13.洽公短程車資10千元。","","15","true","","","","","","",""
"3203101400","國勢普查業務","422,613","05","國富統計","","","","","分支計畫","703","","","","","","","","","","",""
"3203101400","國勢普查業務","422,613","05","國富統計","2000","業務費","","","用途別一級","703","本分支計畫係按年辦理國富統計各部門資料蒐集、整理等相關工作，延伸編製國富統計時間數列資料，計編列業務費703千元，內容如下：","","0","true","","true","","","","",""
"3203101400","國勢普查業務","422,613","05","國富統計","2000","業務費","2009","通訊費","用途別二級","20","1.郵寄國富統計參考資料及公務聯繫電話費20千元。","","1","","","","true","","","",""
"3203101400","國勢普查業務","422,613","05","國富統計","2000","業務費","2051","物品","用途別二級","20","2.辦理國富統計所需影印紙、碳粉、光碟片及其他文具等20千元。","","2","","","","true","","","",""
"3203101400","國勢普查業務","422,613","05","國富統計","2000","業務費","2054","一般事務費","用途別二級","603","3.印製國富統計相關表件、錄製相關資料及雜支等603千元。","","3","","","","","","","",""
"3203101400","國勢普查業務","422,613","05","國富統計","2000","業務費","2072","國內旅費","用途別二級","20","4.辦理國富統計所需國內旅費20千元。","","4","true","","","","","","",""
"3203101400","國勢普查業務","422,613","05","國富統計","2000","業務費","2081","運費","用途別二級","20","5.國富統計相關資料託運費20千元。","","5","true","","","","","","",""
"3203101400","國勢普查業務","422,613","05","國富統計","2000","業務費","2084","短程車資","用途別二級","20","6.洽公短程車資20千元。","","6","true","","","","","","",""
"3203101400","國勢普查業務","422,613","06","人力資源及專案調查","","","","","分支計畫","41565","","","","","","","","","","",""
"3203101400","國勢普查業務","422,613","06","人力資源及專案調查","2000","業務費","","","用途別一級","41565","本分支計畫係辦理按月人力資源調查及其附帶專案調查，提供人力結構、就業及失業狀況統計資訊等相關工作，並編印統計分析報告，計編列業務費41,565千元，內容如下：","","0","true","","true","","","","",""
"3203101400","國勢普查業務","422,613","06","人力資源及專案調查","2000","業務費","2003","教育訓練費","用途別二級","166","1.派員赴日本研習常住人口就業、失業統計編製方法費用166千元。","","1","","","","","","","",""
"3203101400","國勢普查業務","422,613","06","人力資源及專案調查","2000","業務費","2009","通訊費","用途別二級","1498","2.郵寄各項調查表、調查報告、表件等及公務聯繫電話費1,498千元。","","2","","","","","","","",""
"3203101400","國勢普查業務","422,613","06","人力資源及專案調查","2000","業務費","2018","資訊服務費","用途別二級","100","3.人力資源調查網路填報系統維護費100千元。","","3","","","","","","","",""
"3203101400","國勢普查業務","422,613","06","人力資源及專案調查","2000","業務費","2036","按日按件計資酬金","用途別二級","27032","4.按月辦理人力資源調查訪查費、審核費、複查費及指導費等25,385千元；電話複查費77千元；按年辦理相關附帶專案調查訪查費、審核費及複查費1,570千元，合計27,032千元。","","4","","","","","","","",""
"3203101400","國勢普查業務","422,613","06","人力資源及專案調查","2000","業務費","2039","委辦費","用途別二級","1000","5.委託辦理人力資源調查抽樣方法之研究1,000千元。","","5","","","","","","","",""
"3203101400","國勢普查業務","422,613","06","人力資源及專案調查","2000","業務費","2054","一般事務費","用途別二級","10147","6.辦理人力資源調查及其附帶專案調查之各項表件、報告書等印製費830千元；辦理人力資源調查及其附帶專案調查受傷慰問金、製作贈送受訪戶填表紀念品等相關經費9,317千元，合計10,147千元。","","6","","","","","","","",""
"3203101400","國勢普查業務","422,613","06","人力資源及專案調查","2000","業務費","2072","國內旅費","用途別二級","1410","7.各級調查人員及相關工作人員每月工作聯繫會經費1,300千元；辦理勤前會議及複查業務國內旅費110千元，合計1,410千元。","","7","true","","","","","","",""
"3203101400","國勢普查業務","422,613","06","人力資源及專案調查","2000","業務費","2081","運費","用途別二級","200","8.人力資源調查及其附帶專案調查相關表件物品託運費200千元。","","8","true","","","","","","",""
"3203101400","國勢普查業務","422,613","06","人力資源及專案調查","2000","業務費","2084","短程車資","用途別二級","12","9.洽公短程車資12千元。","","9","true","","","","","","",""
"3203101400","國勢普查業務","422,613","07","受僱員工薪資調查及生產力統計","","","","","分支計畫","15178","","","","","","","","","","",""
"3203101400","國勢普查業務","422,613","07","受僱員工薪資調查及生產力統計","2000","業務費","","","用途別一級","15178","本分支計畫係辦理按月受僱員工薪資調查及其附帶專案調查，以及勞動生產力、多因素生產力等人力需求統計相關工作，計編列業務費15,178千元，內容如下：","","0","true","","true","","","","",""
"3203101400","國勢普查業務","422,613","07","受僱員工薪資調查及生產力統計","2000","業務費","2009","通訊費","用途別二級","259","1.郵寄各項調查表件、催收函與報告等及公務聯繫電話費259千元。","","1","","","","","","","",""
"3203101400","國勢普查業務","422,613","07","受僱員工薪資調查及生產力統計","2000","業務費","2018","資訊服務費","用途別二級","100","2.薪情平臺系統維護費100千元。","","2","","","","","","","",""
"3203101400","國勢普查業務","422,613","07","受僱員工薪資調查及生產力統計","2000","業務費","2036","按日按件計資酬金","用途別二級","8979","3.按月辦理各行業受僱員工薪資調查訪查費、審核費及指導費等5,950千元；按年辦理相關附帶專案調查訪查費、審核費及複查費3,029千元，合計8,979千元。","","3","","","","","","","",""
"3203101400","國勢普查業務","422,613","07","受僱員工薪資調查及生產力統計","2000","業務費","2054","一般事務費","用途別二級","5071","4.辦理受僱員工薪資調查及其附帶專案調查表件印刷費1,862千元；辦理受僱員工薪資調查及其附帶專案調查資料錄製費、受傷慰問金、製作贈送受訪廠商填表紀念品等相關經費3,209千元，合計5,071千元。","","4","","","","","","","",""
"3203101400","國勢普查業務","422,613","07","受僱員工薪資調查及生產力統計","2000","業務費","2072","國內旅費","用途別二級","754","5.辦理受僱員工薪資調查及其附帶專案調查勤前會議、督導差旅費150千元；各市縣調查工作人員參加勤前會議差旅費604千元，合計754千元。","","5","","","","","","","",""
"3203101400","國勢普查業務","422,613","07","受僱員工薪資調查及生產力統計","2000","業務費","2081","運費","用途別二級","10","6.受僱員工薪資調查及其附帶專案調查相關表件託運費10千元。","","6","true","","","","","","",""
"3203101400","國勢普查業務","422,613","07","受僱員工薪資調查及生產力統計","2000","業務費","2084","短程車資","用途別二級","5","7.洽公短程車資5千元。","","7","true","","","","","","",""
"3203101400","國勢普查業務","422,613","08","各機關統計調查及調查網管理","","","","","分支計畫","17791","","","","","","","","","","",""
"3203101400","國勢普查業務","422,613","08","各機關統計調查及調查網管理","2000","業務費","","","用途別一級","17791","本分支計畫係綜合評估現行列管統計調查辦理成效，辦理統計調查之審查及輔導，健全統計調查管理制度，以及各項普查暨其補充性專案調查與20餘種國家基礎性調查執行、訓練及管理作業，計編列業務費17,791千元，內容如下：","","0","true","","true","","","","",""
"3203101400","國勢普查業務","422,613","08","各機關統計調查及調查網管理","2000","業務費","2009","通訊費","用途別二級","108","1.業務聯繫用電話費及郵資等108千元。","","1","","","","","","","",""
"3203101400","國勢普查業務","422,613","08","各機關統計調查及調查網管理","2000","業務費","2018","資訊服務費","用途別二級","780","2.電腦輔助面訪系統、基層統計調查網作業系統與各機關統計調查查詢系統維護，以及相關資訊設備維修費用780千元。","","2","","","","","","","",""
"3203101400","國勢普查業務","422,613","08","各機關統計調查及調查網管理","2000","業務費","2027","保險費","用途別二級","380","3.辦理統計調查相關保險費380千元。","","3","true","","","","","","",""
"3203101400","國勢普查業務","422,613","08","各機關統計調查及調查網管理","2000","業務費","2030","兼職費","用途別二級","10804","4.基網非專辦統計調查員461人兼職費、工作補助費，以及辦理基網訓練、檢討會聘請講師鐘點費，合計14,624千元。","","","","","true","","true","","",""
"3203101400","國勢普查業務","422,613","08","各機關統計調查及調查網管理","2000","業務費","2036","按日按件計資酬金","用途別二級","3820","4.基網非專辦統計調查員461人兼職費、工作補助費，以及辦理基網訓練、檢討會聘請講師鐘點費，合計14,624千元。","","","","","true","","true","","",""
"3203101400","國勢普查業務","422,613","08","各機關統計調查及調查網管理","2000","業務費","2051","物品","用途別二級","396","5.事務用品及耗材396千元，內容如下：(1)消耗品：含影印紙、文具、書刊及碳粉匣等386千元。(2)非消耗品：含事務用具等10千元。","","5","","","","","","","true",""
"3203101400","國勢普查業務","422,613","08","各機關統計調查及調查網管理","2000","業務費","2054","一般事務費","用途別二級","1213","6.統計調查人員保舉與考核獎勵、舉辦統計調查人員業務檢討會、慰問金、購置調查人員所需用品及雜支等1,022千元；召開各項加強統計調查管理措施相關會議及會議資料裝訂費191千元，合計1,213千元。","","7","","","","","","","",""
"3203101400","國勢普查業務","422,613","08","各機關統計調查及調查網管理","2000","業務費","2072","國內旅費","用途別二級","250","7.辦理基網工作會議、統計調查人員調查技術訓練，以及基網資訊設備導入個人電腦例外性管理作業等國內旅費250千元。","","8","true","","","","","","",""
"3203101400","國勢普查業務","422,613","08","各機關統計調查及調查網管理","2000","業務費","2081","運費","用途別二級","20","8.基網相關物品託運費20千元。","","9","true","","","","","","",""
"3203101400","國勢普查業務","422,613","08","各機關統計調查及調查網管理","2000","業務費","2084","短程車資","用途別二級","20","9.洽公短程車資20千元。","","10","true","","","","","","",""
"3203101500","主計訓練業務","18,465","01","主計人員訓練","","","","","分支計畫","18465","","","","","","","","","","",""
"3203101500","主計訓練業務","18,465","01","主計人員訓練","2000","業務費","","","用途別一級","18465","本分支計畫為主計人員訓練經費，計編列業務費18,465千元，內容如下：","","0","true","","true","","","","",""
"3203101500","主計訓練業務","18,465","01","主計人員訓練","2000","業務費","2006","水電費","用途別二級","1906","1.水電費1,906千元，內容如下：(1)水費54千元。(2)電費1,737千元。(3)其他動力費115千元。","","1","true","","","","","","true",""
"3203101500","主計訓練業務","18,465","01","主計人員訓練","2000","業務費","2009","通訊費","用途別二級","420","2.郵資、電話等通訊費420千元，內容如下：(1)數據通訊費355千元。(2)一般通訊費65千元。","","4","true","","","","","","true",""
"3203101500","主計訓練業務","18,465","01","主計人員訓練","2000","業務費","2018","資訊服務費","用途別二級","250","3.訓練管理資訊系統維護費250千元。","","6","","","","","","","",""
"3203101500","主計訓練業務","18,465","01","主計人員訓練","2000","業務費","2021","其他業務租金","用途別二級","109","4.公務所需影印機租金109千元。","","7","","","","","","","",""
"3203101500","主計訓練業務","18,465","01","主計人員訓練","2000","業務費","2027","保險費","用途別二級","625","5.約用人員雇主負擔勞健保費等及主計人員訓練園區建築物火災保險費625千元。","","8","true","","","","","","",""
"3203101500","主計訓練業務","18,465","01","主計人員訓練","2000","業務費","2033","約用人員酬金","用途別二級","3538","6.主計人員訓練業務約用人員酬勞費3,538千元。","","9","","","","","","","",""
"3203101500","主計訓練業務","18,465","01","主計人員訓練","2000","業務費","2036","按日按件計資酬金","用途別二級","2529","7.按日按件計資酬金2,529千元，內容如下：(1)內、外聘講師鐘點費2,303千元。(2)各種訓練班級考試作業費226千元。","","10","true","","","","","","true",""
"3203101500","主計訓練業務","18,465","01","主計人員訓練","2000","業務費","2051","物品","用途別二級","631","8.物品631千元，內容如下：(1)消耗品包含油料、文具紙張、電腦耗材431千元。(2)非消耗品包含學員康樂藝文活動、炊事及餐飲用具之購置等200千元。","","12","true","","","","","","true",""
"3203101500","主計訓練業務","18,465","01","主計人員訓練","2000","業務費","2054","一般事務費","用途別二級","7057","9.學員、講師膳食費、教材費、交通費3,157千元；訓練園區房務及清潔勤務勞務委外費用、保全費、環境維護及雜支等3,900千元，合計7,057千元。","","14","","","","","","","",""
"3203101500","主計訓練業務","18,465","01","主計人員訓練","2000","業務費","2063","房屋建築養護費","用途別二級","342","10.房屋建築維護修繕費及污水處理作業費等342千元。","","15","","","","","","","",""
"3203101500","主計訓練業務","18,465","01","主計人員訓練","2000","業務費","2066","器具養護費","用途別二級","111","11.訓練、辦公器具及設施等養護費878千元。","","16","","","true","","","","","true"
"3203101500","主計訓練業務","18,465","01","主計人員訓練","2000","業務費","2069","設施及機械設備養護費","用途別二級","767","11.訓練、辦公器具及設施等養護費878千元。","","16","","","true","","","","","true"
"3203101500","主計訓練業務","18,465","01","主計人員訓練","2000","業務費","2072","國內旅費","用途別二級","20","12.講座、專家學者往返交通費及辦理訓練業務因公務所需國內旅費及短程車資180千元。","","17","","","true","","","","","true"
"3203101500","主計訓練業務","18,465","01","主計人員訓練","2000","業務費","2084","短程車資","用途別二級","160","12.講座、專家學者往返交通費及辦理訓練業務因公務所需國內旅費及短程車資180千元。","","17","","","true","","","","","true"
"3203101600","主計資訊業務","148,764","01","歲計會計資訊管理","","","","","分支計畫","31377","","","","","","","","","","",""
"3203101600","主計資訊業務","148,764","01","歲計會計資訊管理","2000","業務費","","","用途別一級","31377","本分支計畫係辦理中央與地方之主計相關資訊作業之系統規劃、分析、設計、功能維護、推廣訓練及諮詢服務，計編列業務費31,377千元，內容如下：","","0","true","","true","","","","",""
"3203101600","主計資訊業務","148,764","01","歲計會計資訊管理","2000","業務費","2003","教育訓練費","用途別二級","200","1.辦理中央及地方公務機關、營業基金、非營業特種基金之歲計會計及財政系統等推廣訓練、業務研討、座談會等費用200千元。","","1","","","","","","","",""
"3203101600","主計資訊業務","148,764","01","歲計會計資訊管理","2000","業務費","2018","資訊服務費","用途別二級","30325","2.辦理中央與市縣及鄉鎮市地方公務機關、營業基金、非營業特種基金之歲計會計系統軟體維護、上線輔導推動、智能與文字客服諮詢服務等30,325千元(含資通安全經費1,075千元)。","","2","","","","","","","",""
"3203101600","主計資訊業務","148,764","01","歲計會計資訊管理","2000","業務費","2021","其他業務租金","用途別二級","66","3.公務所需影印機租金66千元。","","3","","","","","","","",""
"3203101600","主計資訊業務","148,764","01","歲計會計資訊管理","2000","業務費","2036","按日按件計資酬金","用途別二級","283","4.各應用系統推廣訓練講師鐘點費及辦理研討會、評選會等專家學者出席費283千元。","","4","","","","","","","",""
"3203101600","主計資訊業務","148,764","01","歲計會計資訊管理","2000","業務費","2051","物品","用途別二級","72","5.電腦週邊消耗品72千元。","","5","","","","","","","",""
"3203101600","主計資訊業務","148,764","01","歲計會計資訊管理","2000","業務費","2054","一般事務費","用途別二級","308","6.印製推廣訓練、業務研討、座談會等講義及系統文件308千元。","","6","","","","","","","",""
"3203101600","主計資訊業務","148,764","01","歲計會計資訊管理","2000","業務費","2072","國內旅費","用途別二級","119","7.各應用系統輔導國內旅費119千元。","","7","true","","","","","","",""
"3203101600","主計資訊業務","148,764","01","歲計會計資訊管理","2000","業務費","2084","短程車資","用途別二級","4","8.洽公短程車資4千元。","","8","true","","","","","","",""
"3203101600","主計資訊業務","148,764","02","統計及行政資訊管理","","","","","分支計畫","16423","","","","","","","","","","",""
"3203101600","主計資訊業務","148,764","02","統計及行政資訊管理","2000","業務費","","","用途別一級","16423","本分支計畫係辦理統計及行政業務相關資訊系統之規劃建置、分析、設計、維護、訓練、推廣及諮詢服務，與各項國勢調查資料處理作業，計編列業務費16,423千元，內容如下：","","0","true","","true","","","","",""
"3203101600","主計資訊業務","148,764","02","統計及行政資訊管理","2000","業務費","2003","教育訓練費","用途別二級","75","1.資訊專業課程及業務相關訓練費用75千元。","","1","","","","","","","",""
"3203101600","主計資訊業務","148,764","02","統計及行政資訊管理","2000","業務費","2009","通訊費","用途別二級","23","2.電話費、網路通訊及郵資費用23千元。","","2","","","","","","","",""
"3203101600","主計資訊業務","148,764","02","統計及行政資訊管理","2000","業務費","2018","資訊服務費","用途別二級","15832","3.公文管理、行政知識網、主計人員人事、知識管理、差勤系統、新聞輿情蒐集、網路填報系統、總體統計資料查詢系統、家戶面調查系統、主計資料倉儲系統、統計調查資訊系統軟硬體維護及SAS軟體授權費15,832千元(含資通安全經費1,209千元)。","","3","","","","","","","",""
"3203101600","主計資訊業務","148,764","02","統計及行政資訊管理","2000","業務費","2036","按日按件計資酬金","用途別二級","240","4.辦理業務相關研討、評選會等專家學者出席費及講師費等240千元。","","4","","","","","","","",""
"3203101600","主計資訊業務","148,764","02","統計及行政資訊管理","2000","業務費","2045","國內組織會費","用途別二級","40","5.中華民國電腦學會團體會費等40千元。","","5","","","","","","","",""
"3203101600","主計資訊業務","148,764","02","統計及行政資訊管理","2000","業務費","2051","物品","用途別二級","64","6.資訊圖書及期刊、文具、電腦硬體設備週邊及耗材等費用64千元。","","6","","","","","","","",""
"3203101600","主計資訊業務","148,764","02","統計及行政資訊管理","2000","業務費","2054","一般事務費","用途別二級","31","7.辦理統計及行政相關資訊業務所需印刷等事務費用31千元。","","7","","","","","","","",""
"3203101600","主計資訊業務","148,764","02","統計及行政資訊管理","2000","業務費","2072","國內旅費","用途別二級","114","8.辦理統計及行政相關資訊業務所需差旅費114千元。","","8","","","","","","","",""
"3203101600","主計資訊業務","148,764","02","統計及行政資訊管理","2000","業務費","2084","短程車資","用途別二級","4","9.洽公短程車資4千元。","","9","true","","","","","","",""
"3203101600","主計資訊業務","148,764","03","資訊系統維運管理","","","","","分支計畫","72905","","","","","","","","","","",""
"3203101600","主計資訊業務","148,764","03","資訊系統維運管理","2000","業務費","","","用途別一級","72905","本分支計畫係辦理機房管理、軟硬體設備維護、各項資訊系統維運及資訊安全作業，計編列業務費72,905千元，內容如下：","","0","true","","true","","","","",""
"3203101600","主計資訊業務","148,764","03","資訊系統維運管理","2000","業務費","2006","水電費","用途別二級","2200","1.資訊系統集中維運管理擴增及強化資訊安全設施所需電腦機房維運電費2,200千元。","","1","","","","","","","",""
"3203101600","主計資訊業務","148,764","03","資訊系統維運管理","2000","業務費","2009","通訊費","用途別二級","7200","2.網際網路專線等通訊費7,200千元。","","2","true","","","","","","",""
"3203101600","主計資訊業務","148,764","03","資訊系統維運管理","2000","業務費","2018","資訊服務費","用途別二級","62540","3.資訊服務費編列62,540千元，內容如下：(1)資安專案：本總處電子郵件軟體、防毒軟體、資安監控防護及防火牆等更新維護，以及依照資通安全法要求，辦理資通安全防護及檢測、DDoS防護及推動個人資訊安全制度等費用29,890千元(全數為資通安全經費)。(2)其他：本總處對外服務之服務網站、機房維運、主計資訊系統維運平台、網路設備、資安設備、個人電腦、印表機等週邊設備之軟硬體維護及辦理雲端備援等費用32,650千元(含資通安全經費1,484千元)。","","3","true","","","","","","true",""
"3203101600","主計資訊業務","148,764","03","資訊系統維運管理","2000","業務費","2021","其他業務租金","用途別二級","36","4.公務所需影印機租金36千元。","","5","","","","","","","",""
"3203101600","主計資訊業務","148,764","03","資訊系統維運管理","2000","業務費","2027","保險費","用途別二級","90","5.電腦機房設備保險費90千元。","","6","true","","","","","","",""
"3203101600","主計資訊業務","148,764","03","資訊系統維運管理","2000","業務費","2051","物品","用途別二級","625","6.電腦用品及耗材（含螢幕、報表紙、磁帶、雷射印表機碳粉及鋼珠等）625千元。","","7","","","","","","","",""
"3203101600","主計資訊業務","148,764","03","資訊系統維運管理","2000","業務費","2054","一般事務費","用途別二級","16","7.業務聯繫印刷費16千元。","","8","","","","","","","",""
"3203101600","主計資訊業務","148,764","03","資訊系統維運管理","2000","業務費","2069","設施及機械設備養護費","用途別二級","133","8.電腦機房環境設施維護費用133千元。","","9","","","","","","","",""
"3203101600","主計資訊業務","148,764","03","資訊系統維運管理","2000","業務費","2072","國內旅費","用途別二級","57","9.資訊安全管理及網路創新應用等國內旅費57千元。","","10","true","","","","","","",""
"3203101600","主計資訊業務","148,764","03","資訊系統維運管理","2000","業務費","2084","短程車資","用途別二級","8","10.洽公短程車資8千元。","","11","true","","","","","","",""
"3203101600","主計資訊業務","148,764","04","經費結報及薪資資訊管理","","","","","分支計畫","28059","","","","","","","","","","",""
"3203101600","主計資訊業務","148,764","04","經費結報及薪資資訊管理","2000","業務費","","","用途別一級","28059","本分支計畫係推廣運用經費結報系統及薪資管理系統，內容為辦理經費結報系統及薪資管理系統軟體維護、推廣、上線輔導及諮詢服務等28,059千元(含資通安全經費2,160千元)。","","0","","","true","","","","",""
"3203101600","主計資訊業務","148,764","04","經費結報及薪資資訊管理","2000","業務費","2018","資訊服務費","用途別二級","28059","本分支計畫係推廣運用經費結報系統及薪資管理系統，內容為辦理經費結報系統及薪資管理系統軟體維護、推廣、上線輔導及諮詢服務等28,059千元(含資通安全經費2,160千元)。","","0","","","true","","","","",""
"3203109002","營建工程","10,248","01","設備及投資","","","","","分支計畫","10248","","","","","","","","","","",""
"3203109002","營建工程","10,248","01","設備及投資","3000","設備及投資","","","用途別一級","10248","辦理本總處主計人員訓練中心教室屋頂鋼板、停車場地坪整修工程所需規劃設計監造費及施工費等10,248千元。","","0","","","true","","","","",""
"3203109002","營建工程","10,248","01","設備及投資","3000","設備及投資","3010","房屋建築及設備費","用途別二級","10248","辦理本總處主計人員訓練中心教室屋頂鋼板、停車場地坪整修工程所需規劃設計監造費及施工費等10,248千元。","","0","","","true","","","","",""
"3203109011","交通及運輸設備","3,700","01","設備及投資","","","","","分支計畫","3700","","","","","","","","","","",""
"3203109011","交通及運輸設備","3,700","01","設備及投資","3000","設備及投資","","","用途別一級","3700","汰換電動汽車2輛3,700千元。","","0","","","true","","","","",""
"3203109011","交通及運輸設備","3,700","01","設備及投資","3000","設備及投資","3025","運輸設備費","用途別二級","3700","汰換電動汽車2輛3,700千元。","","0","","","true","","","","",""
"3203109019","其他設備","177,160","01","設備及投資","","","","","分支計畫","177160","","","","","","","","","","",""
"3203109019","其他設備","177,160","01","設備及投資","3000","設備及投資","","","用途別一級","177160","本分支計畫為購置資訊軟硬體及雜項設備，計編列177,160千元，內容如下：","","0","","","true","","","","",""
"3203109019","其他設備","177,160","01","設備及投資","3000","設備及投資","3030","資訊軟硬體設備費","用途別二級","175726","1.資訊軟硬體設備費175,726千元。(1)因應本總處共用性主計資訊系統擴增發展等業務需要，汰換及擴充資訊系統維運平台所需硬體設備16,000千元，並依據資通安全法規定汰換及購置相關資訊安全硬體設備18,200千元，另為維持主計資訊服務正常運作及節省電力，辦理老舊設備更新及汰換、增購個人電腦、筆記型電腦、平板電腦及印表機等硬體設備18,940千元，合共53,140千元(含資通安全經費6,200千元)。(2)購置主計資訊系統維運平台及資安軟體、辦公室軟體、統計及普查處理軟體等24,319千元(含資通安全經費300千元)。(3)為推動主計資訊業務需要之系統建置，編列98,267千元(含資通安全經費728千元)，內容如下：<1>辦理中央與地方公務機關、營業基金、非營業特種基金之歲計、會計、決算等系統功能開發、增修及資安強化等29,000千元。<2>辦理農林漁牧業普查、統計調查資訊系統及網路填報、資料處理、資料倉儲、統計資料庫之系統功能開發、增修及資安強化等44,267千元。<3>行政事務相關資訊系統功能新增及提升（含公文及檔管系統、主計人事、補捐助系統、主計知識管理平台等）6,000千元。<4>辦理經費結報系統、薪資管理系統功能開發、增修及資安強化等19,000千元。","","1","true","","","","","","true",""
"3203109019","其他設備","177,160","01","設備及投資","3000","設備及投資","3035","雜項設備費","用途別二級","1434","2.雜項設備係汰購辦公室及職務宿舍冷氣機8台323千元、汰購飲水機5台110千元，汰購廣博大樓門禁系統150千元，汰購辦公及事務機具4台236千元、汰購屈尺檔案庫房移動式檔案櫃5座315千元及新增電動汽車充電樁2組300千元，共計1,434千元。","","5","","","","","","","",""
"3203109800","第一預備金","1,850","01","第一預備金","","","","","分支計畫","1850","","","","","","","","","","",""
"3203109800","第一預備金","1,850","01","第一預備金","6000","預備金","","","用途別一級","1850","","","","","","","","","","",""
"3203109800","第一預備金","1,850","01","第一預備金","6000","預備金","6005","第一預備金","用途別二級","1850","","","","","","","","","","",""