planCode,planName,planBudget,branchCode,branchName,l1Code,l1Name,l2Code,l2Name,level,amount,desc,descIdx,nameMatched,descShared,inferred,headcount,inheritedSub,ambiguous,orphan,multiSum,sumMatched
"5251011200","農業科技研究發展","1,750,265","01","農業科技管理及產業化","","","","","分支計畫","576703","","","","","","","","","","",""
"5251011200","農業科技研究發展","1,750,265","01","農業科技管理及產業化","2000","業務費","","","用途別一級","167135","1.業務費167,135千元，係為辦理研發成果核心技術商品化暨產學合作推動與農業菁英培訓計畫，以及委託辦理強化農業計畫管理與資訊服務，農業科技研發量能盤點分析與跨域協作，強化農業科技產學研合作研發推動體系，農業科專計畫推動執行暨績效管理，科技農企業經營管理暨創新加值輔導等計畫(其中含媒體政策及業務宣導費650千元)。","2","true","","","","","","","",""
"5251011200","農業科技研究發展","1,750,265","01","農業科技管理及產業化","2000","業務費","2003","教育訓練費","用途別二級","6818","","","","","","","","","","",""
"5251011200","農業科技研究發展","1,750,265","01","農業科技管理及產業化","2000","業務費","2009","通訊費","用途別二級","1200","","","","","","","","","","",""
"5251011200","農業科技研究發展","1,750,265","01","農業科技管理及產業化","2000","業務費","2015","權利使用費","用途別二級","200","","","","","","","","","","",""
"5251011200","農業科技研究發展","1,750,265","01","農業科技管理及產業化","2000","業務費","2036","按日按件計資酬金","用途別二級","16500","","","","","","","","","","",""
"5251011200","農業科技研究發展","1,750,265","01","農業科技管理及產業化","2000","業務費","2039","委辦費","用途別二級","128779","","","","","","","","","","",""
"5251011200","農業科技研究發展","1,750,265","01","農業科技管理及產業化","2000","業務費","2051","物品","用途別二級","7138","","","","","","","","","","",""
"5251011200","農業科技研究發展","1,750,265","01","農業科技管理及產業化","2000","業務費","2054","一般事務費","用途別二級","3000","","","","","","","","","","",""
"5251011200","農業科技研究發展","1,750,265","01","農業科技管理及產業化","2000","業務費","2072","國內旅費","用途別二級","3500","","","","","","","","","","",""
"5251011200","農業科技研究發展","1,750,265","01","農業科技管理及產業化","3000","設備及投資","","","用途別一級","3000","2.設備及投資3,000千元，係為強化農業科技研發環境，加強檢監測量能，建構永續安心研究所需之研發設備。","3","true","","","","","","","",""
"5251011200","農業科技研究發展","1,750,265","01","農業科技管理及產業化","3000","設備及投資","3020","機械設備費","用途別二級","3000","","","","","","","","","","",""
"5251011200","農業科技研究發展","1,750,265","01","農業科技管理及產業化","4000","獎補助費","","","用途別一級","406568","3.獎補助費406,568千元，係補助研究機構、大專院校或相關法人等，辦理農業科技研發政策統籌推動，強化研發成果管理及產業加值運用，新一代農業菁英培育暨合作計畫(新進教師)，農業科技研發成果商品化之核心技術推動，農業學界及法人科專等計畫(其中含媒體政策及業務宣導費400千元)。","4","true","","","","","","","",""
"5251011200","農業科技研究發展","1,750,265","01","農業科技管理及產業化","4000","獎補助費","4025","政府機關間之補助","用途別二級","25000","","","","","","","","","","",""
"5251011200","農業科技研究發展","1,750,265","01","農業科技管理及產業化","4000","獎補助費","4030","對特種基金之補助","用途別二級","235062","","","","","","","","","","",""
"5251011200","農業科技研究發展","1,750,265","01","農業科技管理及產業化","4000","獎補助費","4040","對國內團體之捐助","用途別二級","142711","","","","","","","","","","",""
"5251011200","農業科技研究發展","1,750,265","01","農業科技管理及產業化","4000","獎補助費","4045","對私校之獎助","用途別二級","3795","","","","","","","","","","",""
"5251011200","農業科技研究發展","1,750,265","02","畜牧業及動物保護科技研發","","","","","分支計畫","148301","","","","","","","","","","",""
"5251011200","農業科技研究發展","1,750,265","02","畜牧業及動物保護科技研發","2000","業務費","","","用途別一級","4850","1.業務費4,850千元，係委託學術研究機構或相關法人等，辦理建置實驗動物人道管理系統等計畫。","2","true","true","","","","","","",""
"5251011200","農業科技研究發展","1,750,265","02","畜牧業及動物保護科技研發","2000","業務費","2039","委辦費","用途別二級","4850","1.業務費4,850千元，係委託學術研究機構或相關法人等，辦理建置實驗動物人道管理系統等計畫。","2","","true","","","","","","",""
"5251011200","農業科技研究發展","1,750,265","02","畜牧業及動物保護科技研發","4000","獎補助費","","","用途別一級","143451","2.獎補助費143,451千元，係補助研究機構、大專院校或相關法人等，辦理強化畜牧產業決策支援基盤之研究，建立精準臨床前轉譯試驗平台，優化實驗動物管理及監督查核機制等計畫。","3","true","","","","","","","",""
"5251011200","農業科技研究發展","1,750,265","02","畜牧業及動物保護科技研發","4000","獎補助費","4030","對特種基金之補助","用途別二級","56028","","","","","","","","","","",""
"5251011200","農業科技研究發展","1,750,265","02","畜牧業及動物保護科技研發","4000","獎補助費","4040","對國內團體之捐助","用途別二級","79234","","","","","","","","","","",""
"5251011200","農業科技研究發展","1,750,265","02","畜牧業及動物保護科技研發","4000","獎補助費","4045","對私校之獎助","用途別二級","8189","","","","","","","","","","",""
"5251011200","農業科技研究發展","1,750,265","03","農產加工加值科技研發","","","","","分支計畫","78566","","","","","","","","","","",""
"5251011200","農業科技研究發展","1,750,265","03","農產加工加值科技研發","4000","獎補助費","","","用途別一級","78566","1.獎補助費78,566千元，係補助研究機構、大專院校或相關法人等，辦理農食產品多元應用研發及產業鏈結，大健康農產加工加值等計畫。","2","true","true","","","","","","",""
"5251011200","農業科技研究發展","1,750,265","03","農產加工加值科技研發","4000","獎補助費","4030","對特種基金之補助","用途別二級","42327","","","","","","","","","","",""
"5251011200","農業科技研究發展","1,750,265","03","農產加工加值科技研發","4000","獎補助費","4040","對國內團體之捐助","用途別二級","36239","","","","","","","","","","",""
"5251011200","農業科技研究發展","1,750,265","04","國際農業合作","","","","","分支計畫","84483","","","","","","","","","","",""
"5251011200","農業科技研究發展","1,750,265","04","國際農業合作","2000","業務費","","","用途別一級","18986","1.業務費18,986千元。","2","true","","","","","","","",""
"5251011200","農業科技研究發展","1,750,265","04","國際農業合作","2000","業務費","2003","教育訓練費","用途別二級","1300","(1)員工出國教育訓練費1,300千元。","3","true","","","","","","","",""
"5251011200","農業科技研究發展","1,750,265","04","國際農業合作","2000","業務費","2039","委辦費","用途別二級","14260","(2)委託學術研究機構或相關法人等，辦理建立國際農業技術合作支援系統與潛力國家產業鏈結，透過強化APEC糧食系統韌性以減少糧食損失和浪費，推動APO淨零循環農業科技合作，生鮮農產品開拓歐洲市場策略研析，重要品項外銷CPTPP目標成員國市場調查等計畫14,260千元。","4","","","","","","","","",""
"5251011200","農業科技研究發展","1,750,265","04","國際農業合作","2000","業務費","2078","國外旅費","用途別二級","3426","(3)派員出席與各國共同召開之農業合作會議與技術合作，重要貿易夥伴國產地鑑別技術開發與應用策略考察等國外旅費3,426千元。","5","true","","","","","","","",""
"5251011200","農業科技研究發展","1,750,265","04","國際農業合作","4000","獎補助費","","","用途別一級","65497","2.獎補助費65,497千元，係補助研究機構、大專院校或相關國際組織等，辦理強化香蕉價值鏈促進國際市場行銷與推廣模式研究，推動APEC農業技術合作工作小組相關農業技術合作之研究，印太及中東歐區域夥伴關係建構策略研究，與國際稻米研究所(IRRI)之研究合作，開發畜禽產品原產地分析技術及機械學習鑑別模型等計畫。","6","true","","","","","","","",""
"5251011200","農業科技研究發展","1,750,265","04","國際農業合作","4000","獎補助費","4030","對特種基金之補助","用途別二級","17685","","","","","","","","","","",""
"5251011200","農業科技研究發展","1,750,265","04","國際農業合作","4000","獎補助費","4035","對外之捐助","用途別二級","27837","","","","","","","","","","",""
"5251011200","農業科技研究發展","1,750,265","04","國際農業合作","4000","獎補助費","4040","對國內團體之捐助","用途別二級","19975","","","","","","","","","","",""
"5251011200","農業科技研究發展","1,750,265","05","農業政策與農民輔導科技發展","","","","","分支計畫","42895","","","","","","","","","","",""
"5251011200","農業科技研究發展","1,750,265","05","農業政策與農民輔導科技發展","2000","業務費","","","用途別一級","22995","1.業務費22,995千元，係委託學術研究機構或相關法人等，辦理精實農業統計調查與運用之研究，穩定糧食供應策略研析計畫，農業新情勢結構調整與升級轉型等計畫。","2","true","true","","","","","","",""
"5251011200","農業科技研究發展","1,750,265","05","農業政策與農民輔導科技發展","2000","業務費","2039","委辦費","用途別二級","22995","1.業務費22,995千元，係委託學術研究機構或相關法人等，辦理精實農業統計調查與運用之研究，穩定糧食供應策略研析計畫，農業新情勢結構調整與升級轉型等計畫。","2","","true","","","","","","",""
"5251011200","農業科技研究發展","1,750,265","05","農業政策與農民輔導科技發展","4000","獎補助費","","","用途別一級","19900","2.獎補助費19,900千元，係捐助研究機構或相關法人等，辦理推動農業政策研究能量建構及歐盟農業政策研析，農業國際經貿情勢與諮商策略研究，優化食農教育專業人員在職訓練指引暨專案效益管理等計畫。","3","true","true","","","","","","",""
"5251011200","農業科技研究發展","1,750,265","05","農業政策與農民輔導科技發展","4000","獎補助費","4040","對國內團體之捐助","用途別二級","19900","2.獎補助費19,900千元，係捐助研究機構或相關法人等，辦理推動農業政策研究能量建構及歐盟農業政策研析，農業國際經貿情勢與諮商策略研究，優化食農教育專業人員在職訓練指引暨專案效益管理等計畫。","3","","true","","","","","","",""
"5251011200","農業科技研究發展","1,750,265","06","農業電子化","","","","","分支計畫","236121","","","","","","","","","","",""
"5251011200","農業科技研究發展","1,750,265","06","農業電子化","2000","業務費","","","用途別一級","185626","1.業務費185,626千元，係委託學術研究機構或相關法人等，辦理發展農業知識傳遞應用，農業現地行動調查作業管理系統應用，農業資通安全推動服務，農業數位整合服務系統建置等計畫(其中含媒體政策及業務宣導費1,000千元)。","2","true","true","","","","","","",""
"5251011200","農業科技研究發展","1,750,265","06","農業電子化","2000","業務費","2039","委辦費","用途別二級","185626","1.業務費185,626千元，係委託學術研究機構或相關法人等，辦理發展農業知識傳遞應用，農業現地行動調查作業管理系統應用，農業資通安全推動服務，農業數位整合服務系統建置等計畫(其中含媒體政策及業務宣導費1,000千元)。","2","","true","","","","","","",""
"5251011200","農業科技研究發展","1,750,265","06","農業電子化","4000","獎補助費","","","用途別一級","50495","2.獎補助費50,495千元，係補助研究機構、大專院校或相關法人等，辦理全國農地覆蓋物影像分析判釋研究，農業統計分析與資料視覺化精進研究等計畫。","3","true","","","","","","","",""
"5251011200","農業科技研究發展","1,750,265","06","農業電子化","4000","獎補助費","4025","政府機關間之補助","用途別二級","31695","","","","","","","","","","",""
"5251011200","農業科技研究發展","1,750,265","06","農業電子化","4000","獎補助費","4030","對特種基金之補助","用途別二級","2500","","","","","","","","","","",""
"5251011200","農業科技研究發展","1,750,265","06","農業電子化","4000","獎補助費","4040","對國內團體之捐助","用途別二級","16300","","","","","","","","","","",""
"5251011200","農業科技研究發展","1,750,265","07","跨領域整合型科技研發","","","","","分支計畫","187036","","","","","","","","","","",""
"5251011200","農業科技研究發展","1,750,265","07","跨領域整合型科技研發","4000","獎補助費","","","用途別一級","187036","1.獎補助費187,036千元，係補助研究機構、大專院校或相關法人等，辦理農產品採後處理與冷鏈技術研發優化與實證，安全供應鏈輔導機制優化與技術成果加值，農糧與水產體學資料整合及應用，強化關鍵技術整合研發等計畫。","2","true","true","","","","","","",""
"5251011200","農業科技研究發展","1,750,265","07","跨領域整合型科技研發","4000","獎補助費","4025","政府機關間之補助","用途別二級","25675","","","","","","","","","","",""
"5251011200","農業科技研究發展","1,750,265","07","跨領域整合型科技研發","4000","獎補助費","4030","對特種基金之補助","用途別二級","122583","","","","","","","","","","",""
"5251011200","農業科技研究發展","1,750,265","07","跨領域整合型科技研發","4000","獎補助費","4040","對國內團體之捐助","用途別二級","38778","","","","","","","","","","",""
"5251011200","農業科技研究發展","1,750,265","08","推動農業智慧化","","","","","分支計畫","174371","","","","","","","","","","",""
"5251011200","農業科技研究發展","1,750,265","08","推動農業智慧化","2000","業務費","","","用途別一級","89678","1.業務費89,678千元，係委託學術研究機構或相關法人等，辦理智慧農業計畫成效追蹤暨策略研析，農業決策生成模組研發與建構，推動農業AI轉型輔導體系與效益展現等計畫(其中含媒體政策及業務宣導費450千元)。","2","true","true","","","","","","",""
"5251011200","農業科技研究發展","1,750,265","08","推動農業智慧化","2000","業務費","2039","委辦費","用途別二級","89678","1.業務費89,678千元，係委託學術研究機構或相關法人等，辦理智慧農業計畫成效追蹤暨策略研析，農業決策生成模組研發與建構，推動農業AI轉型輔導體系與效益展現等計畫(其中含媒體政策及業務宣導費450千元)。","2","","true","","","","","","",""
"5251011200","農業科技研究發展","1,750,265","08","推動農業智慧化","4000","獎補助費","","","用途別一級","84693","2.獎補助費84,693千元，係補助研究機構、大專院校或相關法人等，辦理家禽產銷智動化與服務加值化，智慧農業業界參與建立生態系，智慧農業創新研發業界科專計畫，農產業AI賦能業界參與等計畫。","3","true","","","","","","","",""
"5251011200","農業科技研究發展","1,750,265","08","推動農業智慧化","4000","獎補助費","4030","對特種基金之補助","用途別二級","27824","","","","","","","","","","",""
"5251011200","農業科技研究發展","1,750,265","08","推動農業智慧化","4000","獎補助費","4040","對國內團體之捐助","用途別二級","56869","","","","","","","","","","",""
"5251011200","農業科技研究發展","1,750,265","09","強化氣候變遷調適及淨零排放研發","","","","","分支計畫","187299","","","","","","","","","","",""
"5251011200","農業科技研究發展","1,750,265","09","強化氣候變遷調適及淨零排放研發","2000","業務費","","","用途別一級","38722","1.業務費38,722千元。","2","true","","","","","","","",""
"5251011200","農業科技研究發展","1,750,265","09","強化氣候變遷調適及淨零排放研發","2000","業務費","2036","按日按件計資酬金","用途別二級","50","(1)專題審議之專家出席費等50千元。","3","","","true","","","","","",""
"5251011200","農業科技研究發展","1,750,265","09","強化氣候變遷調適及淨零排放研發","2000","業務費","2039","委辦費","用途別二級","37711","(2)委託學術研究機構或相關法人等，辦理對應我國淨零12項關鍵戰略-自然碳匯戰略之策略推展，推動農業循環技術發展與產業運用等計畫37,711千元。","4","","","","","","","","",""
"5251011200","農業科技研究發展","1,750,265","09","強化氣候變遷調適及淨零排放研發","2000","業務費","2054","一般事務費","用途別二級","50","(3)各項研究報告、資料印製費等50千元。","5","","","true","","","","","",""
"5251011200","農業科技研究發展","1,750,265","09","強化氣候變遷調適及淨零排放研發","2000","業務費","2072","國內旅費","用途別二級","286","(4)國內旅費286千元。","6","true","","","","","","","",""
"5251011200","農業科技研究發展","1,750,265","09","強化氣候變遷調適及淨零排放研發","2000","業務費","2078","國外旅費","用途別二級","625","(5)派員參加聯合國氣候變化綱要公約締約方大會，辦理跨國間農業淨零減碳與碳匯相關技術互訪與交流等國外旅費625千元。","7","true","","","","","","","",""
"5251011200","農業科技研究發展","1,750,265","09","強化氣候變遷調適及淨零排放研發","4000","獎補助費","","","用途別一級","148577","2.獎補助費148,577千元，係補助研究機構、大專院校或相關法人等，辦理優化電動農機具與農業設施(備)之效能提升技術，農業淨零碳排科學技術及策略推展研究綱要之專案管理推動，循環農業公私協力推動，推動農業循環技術發展與產業運用等計畫。","8","true","","","","","","","",""
"5251011200","農業科技研究發展","1,750,265","09","強化氣候變遷調適及淨零排放研發","4000","獎補助費","4030","對特種基金之補助","用途別二級","27504","","","","","","","","","","",""
"5251011200","農業科技研究發展","1,750,265","09","強化氣候變遷調適及淨零排放研發","4000","獎補助費","4035","對外之捐助","用途別二級","3000","","","","","","","","","","",""
"5251011200","農業科技研究發展","1,750,265","09","強化氣候變遷調適及淨零排放研發","4000","獎補助費","4040","對國內團體之捐助","用途別二級","116223","","","","","","","","","","",""
"5251011200","農業科技研究發展","1,750,265","09","強化氣候變遷調適及淨零排放研發","4000","獎補助費","4045","對私校之獎助","用途別二級","1850","","","","","","","","","","",""
"5251011200","農業科技研究發展","1,750,265","10","作物品種改良與蒐集","","","","","分支計畫","10051","","","","","","","","","","",""
"5251011200","農業科技研究發展","1,750,265","10","作物品種改良與蒐集","2000","業務費","","","用途別一級","9961","1.業務費9,961千元，係辦理蝴蝶蘭、文心蘭、萬代蘭、火鶴花及石竹等花卉品種選育計畫。","2","true","","","","","","","",""
"5251011200","農業科技研究發展","1,750,265","10","作物品種改良與蒐集","2000","業務費","2006","水電費","用途別二級","1710","","","","","","","","","","",""
"5251011200","農業科技研究發展","1,750,265","10","作物品種改良與蒐集","2000","業務費","2033","約用人員酬金","用途別二級","5840","","","","","","","","","","",""
"5251011200","農業科技研究發展","1,750,265","10","作物品種改良與蒐集","2000","業務費","2051","物品","用途別二級","981","","","","","","","","","","",""
"5251011200","農業科技研究發展","1,750,265","10","作物品種改良與蒐集","2000","業務費","2054","一般事務費","用途別二級","1341","","","","","","","","","","",""
"5251011200","農業科技研究發展","1,750,265","10","作物品種改良與蒐集","2000","業務費","2072","國內旅費","用途別二級","89","","","","","","","","","","",""
"5251011200","農業科技研究發展","1,750,265","10","作物品種改良與蒐集","3000","設備及投資","","","用途別一級","90","2.設備及投資90千元，係購置實驗數據資料蒐集分析所需之設備。","3","true","true","","","","","","",""
"5251011200","農業科技研究發展","1,750,265","10","作物品種改良與蒐集","3000","設備及投資","3035","雜項設備費","用途別二級","90","2.設備及投資90千元，係購置實驗數據資料蒐集分析所需之設備。","3","","true","","","","","","",""
"5251011200","農業科技研究發展","1,750,265","11","作物栽培及採後處理技術研究","","","","","分支計畫","16330","","","","","","","","","","",""
"5251011200","農業科技研究發展","1,750,265","11","作物栽培及採後處理技術研究","2000","業務費","","","用途別一級","15710","1.業務費15,710千元，係辦理蘭科植物開花生理基礎研究與應用，蝴蝶蘭成熟大苗替代介質驗證與技術擴散，切花貯後品質改善及監測技術之開發，臺灣外銷花卉採後保值技術研究，循環資材栽培洋桔梗之應用研究，應用數位盤查工具進行主要外銷花卉碳足跡盤查與係數建立等計畫。","2","true","","","","","","","",""
"5251011200","農業科技研究發展","1,750,265","11","作物栽培及採後處理技術研究","2000","業務費","2003","教育訓練費","用途別二級","100","","","","","","","","","","",""
"5251011200","農業科技研究發展","1,750,265","11","作物栽培及採後處理技術研究","2000","業務費","2006","水電費","用途別二級","2940","","","","","","","","","","",""
"5251011200","農業科技研究發展","1,750,265","11","作物栽培及採後處理技術研究","2000","業務費","2009","通訊費","用途別二級","128","","","","","","","","","","",""
"5251011200","農業科技研究發展","1,750,265","11","作物栽培及採後處理技術研究","2000","業務費","2021","其他業務租金","用途別二級","90","","","","","","","","","","",""
"5251011200","農業科技研究發展","1,750,265","11","作物栽培及採後處理技術研究","2000","業務費","2033","約用人員酬金","用途別二級","4840","","","","","","","","","","",""
"5251011200","農業科技研究發展","1,750,265","11","作物栽培及採後處理技術研究","2000","業務費","2051","物品","用途別二級","6454","","","","","","","","","","",""
"5251011200","農業科技研究發展","1,750,265","11","作物栽培及採後處理技術研究","2000","業務費","2054","一般事務費","用途別二級","477","","","","","","","","","","",""
"5251011200","農業科技研究發展","1,750,265","11","作物栽培及採後處理技術研究","2000","業務費","2069","設施及機械設備養護費","用途別二級","204","","","","","","","","","","",""
"5251011200","農業科技研究發展","1,750,265","11","作物栽培及採後處理技術研究","2000","業務費","2072","國內旅費","用途別二級","462","","","","","","","","","","",""
"5251011200","農業科技研究發展","1,750,265","11","作物栽培及採後處理技術研究","2000","業務費","2081","運費","用途別二級","15","","","","","","","","","","",""
"5251011200","農業科技研究發展","1,750,265","11","作物栽培及採後處理技術研究","3000","設備及投資","","","用途別一級","620","2.設備及投資620千元，係購置實驗研究監測技術及環控技術開發所需之設備。","3","true","","","","","","","",""
"5251011200","農業科技研究發展","1,750,265","11","作物栽培及採後處理技術研究","3000","設備及投資","3020","機械設備費","用途別二級","150","","","","","","","","","","",""
"5251011200","農業科技研究發展","1,750,265","11","作物栽培及採後處理技術研究","3000","設備及投資","3030","資訊軟硬體設備費","用途別二級","170","","","","","","","","","","",""
"5251011200","農業科技研究發展","1,750,265","11","作物栽培及採後處理技術研究","3000","設備及投資","3035","雜項設備費","用途別二級","300","","","","","","","","","","",""
"5251011200","農業科技研究發展","1,750,265","12","農業技術服務","","","","","分支計畫","8109","","","","","","","","","","",""
"5251011200","農業科技研究發展","1,750,265","12","農業技術服務","2000","業務費","","","用途別一級","5539","1.業務費5,539千元，係辦理蝴蝶蘭商業性狀與抗黃葉病之多體學資料整合與數位育種，設施花卉產銷智動化及數位服務系統開發，設施花卉產銷數位服務體系開發與應用，高效能源環控設施生產及數位分生技術應用交流等計畫。","2","true","","","","","","","",""
"5251011200","農業科技研究發展","1,750,265","12","農業技術服務","2000","業務費","2003","教育訓練費","用途別二級","403","","","","","","","","","","",""
"5251011200","農業科技研究發展","1,750,265","12","農業技術服務","2000","業務費","2033","約用人員酬金","用途別二級","1150","","","","","","","","","","",""
"5251011200","農業科技研究發展","1,750,265","12","農業技術服務","2000","業務費","2036","按日按件計資酬金","用途別二級","170","","","","","","","","","","",""
"5251011200","農業科技研究發展","1,750,265","12","農業技術服務","2000","業務費","2051","物品","用途別二級","3106","","","","","","","","","","",""
"5251011200","農業科技研究發展","1,750,265","12","農業技術服務","2000","業務費","2069","設施及機械設備養護費","用途別二級","600","","","","","","","","","","",""
"5251011200","農業科技研究發展","1,750,265","12","農業技術服務","2000","業務費","2072","國內旅費","用途別二級","110","","","","","","","","","","",""
"5251011200","農業科技研究發展","1,750,265","12","農業技術服務","3000","設備及投資","","","用途別一級","2570","2.設備及投資2,570千元，係購置控實驗及檢測數據處理所需之設備。","3","true","","","","","","","",""
"5251011200","農業科技研究發展","1,750,265","12","農業技術服務","3000","設備及投資","3020","機械設備費","用途別二級","2170","","","","","","","","","","",""
"5251011200","農業科技研究發展","1,750,265","12","農業技術服務","3000","設備及投資","3030","資訊軟硬體設備費","用途別二級","400","","","","","","","","","","",""
"5651010100","一般行政","694,175","01","人員維持","","","","","分支計畫","595148","","","","","","","","","","",""
"5651010100","一般行政","694,175","01","人員維持","1000","人事費","","","用途別一級","595148","","","","","","","","","","",""
"5651010100","一般行政","694,175","01","人員維持","1000","人事費","1010","政務人員待遇","用途別二級","7280","人數未單獨列示，含於「職員384人」內。","","","","","true","","","","",""
"5651010100","一般行政","694,175","01","人員維持","1000","人事費","1015","法定編制人員待遇","用途別二級","360286","職員384人（含政務人員）。","","","","","true","","","","",""
"5651010100","一般行政","694,175","01","人員維持","1000","人事費","1020","約聘僱人員待遇","用途別二級","21063","聘用人員27人、約僱人員13人。","","","","","true","","","","",""
"5651010100","一般行政","694,175","01","人員維持","1000","人事費","1025","技工及工友待遇","用途別二級","4300","工友1人、技工6人、駕駛3人。","","","","","true","","","","",""
"5651010100","一般行政","694,175","01","人員維持","1000","人事費","1030","獎金","用途別二級","89996","","","","","","","","","","",""
"5651010100","一般行政","694,175","01","人員維持","1000","人事費","1035","其他給與","用途別二級","6976","","","","","","","","","","",""
"5651010100","一般行政","694,175","01","人員維持","1000","人事費","1040","加班費","用途別二級","29598","","","","","","","","","","",""
"5651010100","一般行政","694,175","01","人員維持","1000","人事費","1045","退休退職給付","用途別二級","518","","","","","","","","","","",""
"5651010100","一般行政","694,175","01","人員維持","1000","人事費","1050","退休離職儲金","用途別二級","38689","","","","","","","","","","",""
"5651010100","一般行政","694,175","01","人員維持","1000","人事費","1055","保險","用途別二級","36442","","","","","","","","","","",""
"5651010100","一般行政","694,175","02","基本行政工作維持","","","","","分支計畫","94856","","","","","","","","","","",""
"5651010100","一般行政","694,175","02","基本行政工作維持","2000","業務費","","","用途別一級","90242","1.業務費90,242千元。","2","true","","","","","","","",""
"5651010100","一般行政","694,175","02","基本行政工作維持","2000","業務費","2003","教育訓練費","用途別二級","2102","(1)員工教育訓練費2,102千元。","3","true","","","","","","","",""
"5651010100","一般行政","694,175","02","基本行政工作維持","2000","業務費","2006","水電費","用途別二級","10431","(2)水電費10,431千元。","4","true","","","","","","","",""
"5651010100","一般行政","694,175","02","基本行政工作維持","2000","業務費","2009","通訊費","用途別二級","5533","(3)郵資、電信費及數據通信費等5,533千元。","5","","","","","","","","",""
"5651010100","一般行政","694,175","02","基本行政工作維持","2000","業務費","2018","資訊服務費","用途別二級","5180","(4)雲端版文書檔案管理資訊系統、薪資管理、財產管理、圖書室自動化及館藏查詢系統維護等5,180千元。","6","","","","","","","","",""
"5651010100","一般行政","694,175","02","基本行政工作維持","2000","業務費","2021","其他業務租金","用途別二級","3367","(5)租用影印機、監控錄影設備及電話交換機等租金3,367千元。","7","","","","","","","","",""
"5651010100","一般行政","694,175","02","基本行政工作維持","2000","業務費","2024","稅捐及規費","用途別二級","498","(6)公務車輛牌照稅、燃料使用費及檢驗規費等498千元。","8","","","","","","","","",""
"5651010100","一般行政","694,175","02","基本行政工作維持","2000","業務費","2027","保險費","用途別二級","659","(7)廉政志工保險、辦公廳舍及公務車輛保險等659千元。","9","","","","","","","","",""
"5651010100","一般行政","694,175","02","基本行政工作維持","2000","業務費","2030","兼職費","用途別二級","240","(8)本部顧問兼職費240千元。","10","true","","","","","","","",""
"5651010100","一般行政","694,175","02","基本行政工作維持","2000","業務費","2033","約用人員酬金","用途別二級","8027","(9)遴用約用人員協辦行政庶務、人事業務及計畫經費資料登錄建置等8,027千元。","11","","","","","","","","",""
"5651010100","一般行政","694,175","02","基本行政工作維持","2000","業務費","2036","按日按件計資酬金","用途別二級","1279","(10)辦理各項講習訓練之講師鐘點費；採購評選案件、採購稽核小組外聘委員出席費等1,279千元。","12","","","","","","","","",""
"5651010100","一般行政","694,175","02","基本行政工作維持","2000","業務費","2051","物品","用途別二級","4644","(11)購置檔案保存用品、電腦用紙、議事耗材、文具、清潔衛生用品、報章雜誌及油料等4,644千元。","13","","","","","","","","",""
"5651010100","一般行政","694,175","02","基本行政工作維持","2000","業務費","2054","一般事務費","用途別二級","39913","(12)文康活動費，各項活動獎牌製作，環境佈置及清潔，編印年度預、決算書，辦理推展廉政志工業務，各項講習訓練，加強本部及所屬機關出版品管理、登錄，文檔清查整理登錄搬移，公文書遞送、移交移轉、銷毀，文書繕打與員工所得稅務及異動資料登錄，消防及公共安全檢查，保全警衛勤務等39,313千元；員工協助方案相關經費600千元，合共39,913千元。","14","","","","","","","","",""
"5651010100","一般行政","694,175","02","基本行政工作維持","2000","業務費","2063","房屋建築養護費","用途別二級","2000","(13)辦公廳舍及宿舍修繕費2,000千元。","15","","","","","","","","",""
"5651010100","一般行政","694,175","02","基本行政工作維持","2000","業務費","2066","器具養護費","用途別二級","975","(14)公務車輛及辦公器具養護費等975千元。","16","true","","","","","","","",""
"5651010100","一般行政","694,175","02","基本行政工作維持","2000","業務費","2069","設施及機械設備養護費","用途別二級","2586","(15)辦公大樓空調及室內空氣品質維護、會議設備、高低壓電氣設備、消防設備、電梯等設備維修，戶外停車場、排水溝、圍牆、路面整修及環境綠美化、機械設施維護及和平辦公大樓庫房管理維護等2,586千元。","17","","","","","","","","",""
"5651010100","一般行政","694,175","02","基本行政工作維持","2000","業務費","2072","國內旅費","用途別二級","1262","(16)國內旅費1,262千元。","18","true","","","","","","","",""
"5651010100","一般行政","694,175","02","基本行政工作維持","2000","業務費","2081","運費","用途別二級","127","(17)公物搬遷、運輸、裝卸等運費127千元。","19","true","","","","","","","",""
"5651010100","一般行政","694,175","02","基本行政工作維持","2000","業務費","2084","短程車資","用途別二級","240","(18)短程洽公所需車資240千元。","20","","","true","","","","","",""
"5651010100","一般行政","694,175","02","基本行政工作維持","2000","業務費","2093","特別費","用途別二級","1179","(19)特別費1,179千元：部長477千元，次長3人702千元。","21","true","","","","","","","",""
"5651010100","一般行政","694,175","02","基本行政工作維持","3000","設備及投資","","","用途別一級","4200","2.設備及投資4,200千元。","22","true","","","","","","","",""
"5651010100","一般行政","694,175","02","基本行政工作維持","3000","設備及投資","3010","房屋建築及設備費","用途別二級","1000","(1)辦公廳舍與宿舍調整規劃及整修工程等1,000千元。","23","","","","","","","","",""
"5651010100","一般行政","694,175","02","基本行政工作維持","3000","設備及投資","3020","機械設備費","用途別二級","1470","(2)汰換辦公大樓空調及室內空氣品質設備、會議設備、消防、通訊及監視設備、節能改善暨相關設施等1,470千元。","24","","","","","","","","",""
"5651010100","一般行政","694,175","02","基本行政工作維持","3000","設備及投資","3030","資訊軟硬體設備費","用途別二級","300","(3)雲端版文書檔案管理資訊系統功能擴充300千元。","25","","","","","","","","",""
"5651010100","一般行政","694,175","02","基本行政工作維持","3000","設備及投資","3035","雜項設備費","用途別二級","1430","(4)事務設備等購置費用1,430千元。","26","","","","","","","","",""
"5651010100","一般行政","694,175","02","基本行政工作維持","4000","獎補助費","","","用途別一級","414","3.獎補助費414千元，係退休(職)人員三節慰問金。","27","true","true","","","","","","",""
"5651010100","一般行政","694,175","02","基本行政工作維持","4000","獎補助費","4085","獎勵及慰問","用途別二級","414","3.獎補助費414千元，係退休(職)人員三節慰問金。","27","","true","","","","","","",""
"5651010100","一般行政","694,175","03","農業法規管理及訴願審議","","","","","分支計畫","4171","","","","","","","","","","",""
"5651010100","一般行政","694,175","03","農業法規管理及訴願審議","2000","業務費","","","用途別一級","4135","1.業務費4,135千元。","2","true","","","","","","","",""
"5651010100","一般行政","694,175","03","農業法規管理及訴願審議","2000","業務費","2018","資訊服務費","用途別二級","401","(1)訴願管理系統、訴願查詢系統及主管法規共用系統維護費等401千元。","3","","","","","","","","",""
"5651010100","一般行政","694,175","03","農業法規管理及訴願審議","2000","業務費","2021","其他業務租金","用途別二級","130","(2)租用影印機設備等租金130千元。","4","","","","","","","","",""
"5651010100","一般行政","694,175","03","農業法規管理及訴願審議","2000","業務費","2030","兼職費","用途別二級","543","(3)法規會及訴願會委員兼職費543千元。","5","true","","","","","","","",""
"5651010100","一般行政","694,175","03","農業法規管理及訴願審議","2000","業務費","2033","約用人員酬金","用途別二級","1967","(4)遴用約用人員協辦法規訴願系統及法規計畫統整管理等1,967千元。","6","","","","","","","","",""
"5651010100","一般行政","694,175","03","農業法規管理及訴願審議","2000","業務費","2036","按日按件計資酬金","用途別二級","547","(5)法規會及訴願會委員出席費、審查費、法規講習訓練之講師鐘點費等547千元。","7","","","","","","","","",""
"5651010100","一般行政","694,175","03","農業法規管理及訴願審議","2000","業務費","2051","物品","用途別二級","166","(6)購置文具紙張、報章雜誌、資料夾、碳粉匣等166千元。","8","","","","","","","","",""
"5651010100","一般行政","694,175","03","農業法規管理及訴願審議","2000","業務費","2054","一般事務費","用途別二級","381","(7)辦理主管法規共用系統管理、登錄整編等381千元。","9","","","","","","","","",""
"5651010100","一般行政","694,175","03","農業法規管理及訴願審議","3000","設備及投資","","","用途別一級","36","2.設備及投資36千元，係事務設備等購置費用。","10","true","true","","","","","","",""
"5651010100","一般行政","694,175","03","農業法規管理及訴願審議","3000","設備及投資","3035","雜項設備費","用途別二級","36","2.設備及投資36千元，係事務設備等購置費用。","10","","true","","","","","","",""
"5651011000","農業管理","2,776,961","01","綜合規劃","","","","","分支計畫","25611","","","","","","","","","","",""
"5651011000","農業管理","2,776,961","01","綜合規劃","2000","業務費","","","用途別一級","24603","4.業務費24,603千元。","4","true","","","","","","","",""
"5651011000","農業管理","2,776,961","01","綜合規劃","2000","業務費","2006","水電費","用途別二級","373","(1)水電費373千元。","5","true","","","","","","","",""
"5651011000","農業管理","2,776,961","01","綜合規劃","2000","業務費","2009","通訊費","用途別二級","488","(2)郵資、電信費及數據通訊費等488千元。","6","true","","","","","","","",""
"5651011000","農業管理","2,776,961","01","綜合規劃","2000","業務費","2018","資訊服務費","用途別二級","600","(3)管制考核系統維護等600千元。","7","","","","","","","","",""
"5651011000","農業管理","2,776,961","01","綜合規劃","2000","業務費","2033","約用人員酬金","用途別二級","1287","(4)遴用約用人員協辦各項專案計畫及活動等1,287千元。","8","","","","","","","","",""
"5651011000","農業管理","2,776,961","01","綜合規劃","2000","業務費","2036","按日按件計資酬金","用途別二級","3582","(5)辦理各項講習訓練之講師鐘點費，農業工程施工查核小組委員查核評鑑費，農業相關產業政策、協調、意見溝通及學者專家諮詢等會議出席費，執行農業政策與法規檢討等會議出席費，優良農業建設工程獎評審委員出席費，以及各項計畫審查費等3,582千元。","9","","","","","","","","",""
"5651011000","農業管理","2,776,961","01","綜合規劃","2000","業務費","2039","委辦費","用途別二級","6170","(6)委託相關法人或專業團隊等單位，辦理重要施政計畫評估精進及提升農業公共工程品質計畫3,090千元；定期發行農政與農情刊物，適時提供最新之國內外各項農業政策、法規及農情報導等3,080千元，合共6,170千元。","10","","","","","","","","",""
"5651011000","農業管理","2,776,961","01","綜合規劃","2000","業務費","2051","物品","用途別二級","606","(7)購置文具紙張、報章雜誌、資料夾、碳粉匣、電腦用品、耗材等606千元。","11","","","","","","","","",""
"5651011000","農業管理","2,776,961","01","綜合規劃","2000","業務費","2054","一般事務費","用途別二級","7296","(8)優良農業建設工程獎頒獎及專輯編印，中(英)文年報編印，農業建設參訪及施政成果推展，各項施政、管考、研究計畫報告、相關法規彙編打字印刷費用等5,365千元，辦理媒體政策及業務宣導相關經費1,931千元，合共7,296千元。","12","","","","","","","","",""
"5651011000","農業管理","2,776,961","01","綜合規劃","2000","業務費","2072","國內旅費","用途別二級","4036","(9)國內旅費4,036千元。","13","true","","","","","","","",""
"5651011000","農業管理","2,776,961","01","綜合規劃","2000","業務費","2078","國外旅費","用途別二級","153","(10)派員考察日本推動農業政策執行成效等國外旅費153千元。","14","true","","","","","","","",""
"5651011000","農業管理","2,776,961","01","綜合規劃","2000","業務費","2084","短程車資","用途別二級","12","(11)短程洽公車資12千元。","15","","","","","","","","",""
"5651011000","農業管理","2,776,961","01","綜合規劃","3000","設備及投資","","","用途別一級","100","5.設備及投資100千元，係汰換災害防救會議室設備等。","16","true","true","","","","","","",""
"5651011000","農業管理","2,776,961","01","綜合規劃","3000","設備及投資","3020","機械設備費","用途別二級","100","5.設備及投資100千元，係汰換災害防救會議室設備等。","16","","true","","","","","","",""
"5651011000","農業管理","2,776,961","01","綜合規劃","4000","獎補助費","","","用途別一級","908","6.獎補助費908千元，係捐助民間團體辦理鄉間小路月刊發行等計畫。","17","true","true","","","","","","",""
"5651011000","農業管理","2,776,961","01","綜合規劃","4000","獎補助費","4040","對國內團體之捐助","用途別二級","908","6.獎補助費908千元，係捐助民間團體辦理鄉間小路月刊發行等計畫。","17","","true","","","","","","",""
"5651011000","農業管理","2,776,961","02","科技管理","","","","","分支計畫","68779","","","","","","","","","","",""
"5651011000","農業管理","2,776,961","02","科技管理","2000","業務費","","","用途別一級","53826","5.業務費53,826千元。","5","true","","","","","","","",""
"5651011000","農業管理","2,776,961","02","科技管理","2000","業務費","2003","教育訓練費","用途別二級","36","(1)員工教育訓練費36千元。","6","true","","","","","","","",""
"5651011000","農業管理","2,776,961","02","科技管理","2000","業務費","2006","水電費","用途別二級","529","(2)水電費529千元。","7","true","","","","","","","",""
"5651011000","農業管理","2,776,961","02","科技管理","2000","業務費","2009","通訊費","用途別二級","360","(3)郵資、電信費等360千元。","8","","","","","","","","",""
"5651011000","農業管理","2,776,961","02","科技管理","2000","業務費","2018","資訊服務費","用途別二級","8450","(4)CAS優良農產品驗證管理資訊系統之維護及操作等服務費用1,450千元；彙接產銷履歷、有機等溯源資訊、檢驗紀錄、農業資材販售等資料，進行跨平台關聯解析，開發查詢及統計分析功能，並提供跨機關API開發，強化農產品安全管理相關數據分析應用等服務費用7,000千元，合共8,450千元。","9","","","","","","","","",""
"5651011000","農業管理","2,776,961","02","科技管理","2000","業務費","2024","稅捐及規費","用途別二級","538","(5)智慧財產權申請及維護等規費538千元。","10","","","","","","","","",""
"5651011000","農業管理","2,776,961","02","科技管理","2000","業務費","2036","按日按件計資酬金","用途別二級","329","(6)農業智慧財產權、科專計畫審議及採購評選案件等委員出席費及稿費329千元。","11","","","","","","","","",""
"5651011000","農業管理","2,776,961","02","科技管理","2000","業務費","2039","委辦費","用途別二級","36784","(7)委託相關法人或專業團隊等，辦理產銷履歷驗證制度精進及擴大參與計畫10,057千元，加強優良農產品管理計畫5,054千元，優良農產品法規制度精進與產業輔導21,673千元，合共36,784千元(其中含媒體政策及業務宣導費2,700千元)。","12","","","","","","","","",""
"5651011000","農業管理","2,776,961","02","科技管理","2000","業務費","2051","物品","用途別二級","147","(8)購置文具紙張、報章雜誌、資料夾、碳粉匣等147千元。","13","","","","","","","","",""
"5651011000","農業管理","2,776,961","02","科技管理","2000","業務費","2054","一般事務費","用途別二級","4133","(9)各項業務報告、資料印製費用，以及研發成果申請智慧財產權支付專利商標事務所之服務費等2,202千元，辦理媒體政策及業務宣導相關經費1,931千元，合共4,133千元。","14","","","","","","","","",""
"5651011000","農業管理","2,776,961","02","科技管理","2000","業務費","2072","國內旅費","用途別二級","542","(10)國內旅費542千元。","15","true","","","","","","","",""
"5651011000","農業管理","2,776,961","02","科技管理","2000","業務費","2078","國外旅費","用途別二級","1978","(11)派員參訪北美生技展、臺美農業科學合作會議與美國農業部農業研究署技術合作交流及出席研討會等國外旅費1,978千元。","16","true","","","","","","","",""
"5651011000","農業管理","2,776,961","02","科技管理","3000","設備及投資","","","用途別一級","80","6.設備及投資80千元，係事務設備等購置費用。","17","true","true","","","","","","",""
"5651011000","農業管理","2,776,961","02","科技管理","3000","設備及投資","3035","雜項設備費","用途別二級","80","6.設備及投資80千元，係事務設備等購置費用。","17","","true","","","","","","",""
"5651011000","農業管理","2,776,961","02","科技管理","4000","獎補助費","","","用途別一級","14873","7.獎補助費14,873千元。","18","true","","","","","","","",""
"5651011000","農業管理","2,776,961","02","科技管理","4000","獎補助費","4040","對國內團體之捐助","用途別二級","14873","7.獎補助費14,873千元。(1)捐助民間團體辦理農業生物科技展覽等計畫2,873千元。(2)捐助民間團體辦理優良複合農產品技術服務暨查核檢驗及擴大推動等計畫12,000千元。","18","","","","","true","","","",""
"5651011000","農業管理","2,776,961","03","畜牧管理","","","","","分支計畫","1487299","","","","","","","","","","",""
"5651011000","農業管理","2,776,961","03","畜牧管理","2000","業務費","","","用途別一級","41675","9.業務費41,675千元。","9","true","","","","","","","",""
"5651011000","農業管理","2,776,961","03","畜牧管理","2000","業務費","2006","水電費","用途別二級","215","(1)水電費215千元。","10","true","","","","","","","",""
"5651011000","農業管理","2,776,961","03","畜牧管理","2000","業務費","2009","通訊費","用途別二級","174","(2)郵資、電信費等174千元。","11","","","","","","","","",""
"5651011000","農業管理","2,776,961","03","畜牧管理","2000","業務費","2018","資訊服務費","用途別二級","8384","(3)畜牧場登記管理資訊系統維運、產銷履歷系統平台維運計畫等服務費用8,384千元。","12","","","","","","","","",""
"5651011000","農業管理","2,776,961","03","畜牧管理","2000","業務費","2036","按日按件計資酬金","用途別二級","237","(4)畜牧污染防治技術服務團、種畜禽及種原登記審查委員會、基因轉殖種畜禽審議小組等委員出席費，飼料及飼料添加物成分標準審查費等237千元。","13","","","","","","","","",""
"5651011000","農業管理","2,776,961","03","畜牧管理","2000","業務費","2039","委辦費","用途別二級","29383","(5)委託相關機關、產業團體及民間團體等，辦理豬肉產品安全查驗計畫1,608千元，印製鮮乳標章計畫2,844千元，國產優質禽品品質管理檢驗工作1,038千元，飼料或飼料添加物查驗計畫23,893千元，合共29,383千元。","14","","","","","","","","",""
"5651011000","農業管理","2,776,961","03","畜牧管理","2000","業務費","2051","物品","用途別二級","200","(6)購置文具紙張、報章雜誌、資料夾、碳粉匣等200千元。","15","","","","","","","","",""
"5651011000","農業管理","2,776,961","03","畜牧管理","2000","業務費","2054","一般事務費","用途別二級","2480","(7)各項施政、管考、研究計畫、畜牧場登記管理文件檔案電子化及法規彙編印製等549千元，辦理媒體政策及業務宣導相關經費1,931千元，合共2,480千元。","16","","","","","","","","",""
"5651011000","農業管理","2,776,961","03","畜牧管理","2000","業務費","2072","國內旅費","用途別二級","480","(8)國內旅費480千元。","17","true","","","","","","","",""
"5651011000","農業管理","2,776,961","03","畜牧管理","2000","業務費","2078","國外旅費","用途別二級","93","(9)考察歐洲荷蘭烏得勒支(Utrecht)2026VIV歐洲畜產大會研習與交流等國外旅費93千元。","18","true","","","","","","","",""
"5651011000","農業管理","2,776,961","03","畜牧管理","2000","業務費","2084","短程車資","用途別二級","29","(10)短程洽公車資29千元。","19","","","","","","","","",""
"5651011000","農業管理","2,776,961","03","畜牧管理","4000","獎補助費","","","用途別一級","1445624","10.獎補助費1,445,624千元。","20","true","","","","","","","",""
"5651011000","農業管理","2,776,961","03","畜牧管理","4000","獎補助費","4025","政府機關間之補助","用途別二級","10000","(1)補助政府機關及相關產業團體等辦理羊鹿產業輔導量能提升及產業升級轉型等計畫69,711千元。(2)捐助相關產業團體等辦理國產乳品供應等計畫2,874千元。(3)捐助畜牧相關團體等辦理提升禽品產銷效能等計畫907千元。(4)捐助相關產業團體等辦理畜禽追溯輔導與驗證管理等計畫61,143千元。(5)捐助畜牧相關團體等辦理畜牧廢棄物精進管理及資源加值等計畫20,941千元。(6)捐助畜牧相關團體等辦理強化禽畜糞管理及資源化輔導等計畫2,879千元。(7)捐助相關產業團體等辦理加強飼料生產與衛生安全管理等計畫215千元。(8)捐助相關產業團體等辦理加強有機畜產品管理等計畫345千元。(9)捐助相關產業團體等辦理家禽產業數據精準等計畫11,000千元。(10)捐助相關產業團體等辦理家禽產業資訊調查加強等計畫3,800千元。(11)捐助相關產業團體等辦理草食動物產業鏈資訊整合與應用等計畫14,800千元。(12)補助大專院校及相關團體等辦理國家防疫一體聯合行動計畫-土雞產業鏈風險因子評估及輔導等計畫4,200千元。(13)依據農業發展條例第29條第2項規定，農業動力用電費用，不採累進計算，停用期間，免收基本費。","","","true","","","","true","","",""
"5651011000","農業管理","2,776,961","03","畜牧管理","4000","獎補助費","4030","對特種基金之補助","用途別二級","1700","(1)補助政府機關及相關產業團體等辦理羊鹿產業輔導量能提升及產業升級轉型等計畫69,711千元。(2)捐助相關產業團體等辦理國產乳品供應等計畫2,874千元。(3)捐助畜牧相關團體等辦理提升禽品產銷效能等計畫907千元。(4)捐助相關產業團體等辦理畜禽追溯輔導與驗證管理等計畫61,143千元。(5)捐助畜牧相關團體等辦理畜牧廢棄物精進管理及資源加值等計畫20,941千元。(6)捐助畜牧相關團體等辦理強化禽畜糞管理及資源化輔導等計畫2,879千元。(7)捐助相關產業團體等辦理加強飼料生產與衛生安全管理等計畫215千元。(8)捐助相關產業團體等辦理加強有機畜產品管理等計畫345千元。(9)捐助相關產業團體等辦理家禽產業數據精準等計畫11,000千元。(10)捐助相關產業團體等辦理家禽產業資訊調查加強等計畫3,800千元。(11)捐助相關產業團體等辦理草食動物產業鏈資訊整合與應用等計畫14,800千元。(12)補助大專院校及相關團體等辦理國家防疫一體聯合行動計畫-土雞產業鏈風險因子評估及輔導等計畫4,200千元。(13)依據農業發展條例第29條第2項規定，農業動力用電費用，不採累進計算，停用期間，免收基本費。","","","true","","","","true","","",""
"5651011000","農業管理","2,776,961","03","畜牧管理","4000","獎補助費","4040","對國內團體之捐助","用途別二級","181115","(1)補助政府機關及相關產業團體等辦理羊鹿產業輔導量能提升及產業升級轉型等計畫69,711千元。(2)捐助相關產業團體等辦理國產乳品供應等計畫2,874千元。(3)捐助畜牧相關團體等辦理提升禽品產銷效能等計畫907千元。(4)捐助相關產業團體等辦理畜禽追溯輔導與驗證管理等計畫61,143千元。(5)捐助畜牧相關團體等辦理畜牧廢棄物精進管理及資源加值等計畫20,941千元。(6)捐助畜牧相關團體等辦理強化禽畜糞管理及資源化輔導等計畫2,879千元。(7)捐助相關產業團體等辦理加強飼料生產與衛生安全管理等計畫215千元。(8)捐助相關產業團體等辦理加強有機畜產品管理等計畫345千元。(9)捐助相關產業團體等辦理家禽產業數據精準等計畫11,000千元。(10)捐助相關產業團體等辦理家禽產業資訊調查加強等計畫3,800千元。(11)捐助相關產業團體等辦理草食動物產業鏈資訊整合與應用等計畫14,800千元。(12)補助大專院校及相關團體等辦理國家防疫一體聯合行動計畫-土雞產業鏈風險因子評估及輔導等計畫4,200千元。(13)依據農業發展條例第29條第2項規定，農業動力用電費用，不採累進計算，停用期間，免收基本費。","","","true","","","","true","","",""
"5651011000","農業管理","2,776,961","03","畜牧管理","4000","獎補助費","4075","差額補貼","用途別二級","1252809","前項優惠減免措施及電價凍漲差額原由台電公司自行吸收，自114年度起改由各目的事業主管機關編列預算支應，其中畜牧用電優惠減免及電價凍漲差額部分，本年度預估應負擔經費1,252,809千元。","34","","","","","","","","",""
"5651011000","農業管理","2,776,961","04","輔導推廣","","","","","分支計畫","23520","","","","","","","","","","",""
"5651011000","農業管理","2,776,961","04","輔導推廣","2000","業務費","","","用途別一級","19073","3.業務費19,073千元。","3","true","","","","","","","",""
"5651011000","農業管理","2,776,961","04","輔導推廣","2000","業務費","2003","教育訓練費","用途別二級","78","(1)員工教育訓練費78千元。","4","true","","","","","","","",""
"5651011000","農業管理","2,776,961","04","輔導推廣","2000","業務費","2006","水電費","用途別二級","123","(2)水電費123千元。","5","true","","","","","","","",""
"5651011000","農業管理","2,776,961","04","輔導推廣","2000","業務費","2009","通訊費","用途別二級","355","(3)郵資、電信費等355千元。","6","","","","","","","","",""
"5651011000","農業管理","2,776,961","04","輔導推廣","2000","業務費","2021","其他業務租金","用途別二級","540","(4)辦理農民訓練所需活動場地及車輛租金等540千元。","7","","","","","","","","",""
"5651011000","農業管理","2,776,961","04","輔導推廣","2000","業務費","2027","保險費","用途別二級","375","(5)辦理農民訓練參訓學員保險費等375千元。","8","true","","","","","","","",""
"5651011000","農業管理","2,776,961","04","輔導推廣","2000","業務費","2033","約用人員酬金","用途別二級","1402","(6)遴用約用人員協辦各項專案計畫及活動等1,402千元。","9","","","","","","","","",""
"5651011000","農業管理","2,776,961","04","輔導推廣","2000","業務費","2036","按日按件計資酬金","用途別二級","3947","(7)檢討農會相關法令，訂修農會法相關子法及辦理農會總幹事遴選等會議出席費158千元；辦理農民訓練所需講師鐘點費3,789千元，合共3,947千元。","10","","","","","","","","",""
"5651011000","農業管理","2,776,961","04","輔導推廣","2000","業務費","2039","委辦費","用途別二級","1268","(8)委託民間團體辦理優秀農業人員選拔暨表揚計畫1,268千元。","11","","","","","","","","",""
"5651011000","農業管理","2,776,961","04","輔導推廣","2000","業務費","2051","物品","用途別二級","3070","(9)購置文具紙張、報章雜誌、資料夾、碳粉匣等305千元，辦理農民訓練所需非消耗品、文具紙張等2,765千元，合共3,070千元。","12","","","","","","","","",""
"5651011000","農業管理","2,776,961","04","輔導推廣","2000","業務費","2054","一般事務費","用途別二級","6111","(10)印製各項業務報告等127千元，辦理農民訓練所需學員膳雜費、教材印刷費及教學見習材料費等4,052千元，辦理媒體政策及業務宣導相關經費1,932千元，合共6,111千元。","13","","","","","","","","",""
"5651011000","農業管理","2,776,961","04","輔導推廣","2000","業務費","2072","國內旅費","用途別二級","1524","(11)辦理各項業務所需國內旅費764千元，辦理農民訓練所需國內旅費760千元，合共1,524千元。","14","true","","","","","","","",""
"5651011000","農業管理","2,776,961","04","輔導推廣","2000","業務費","2078","國外旅費","用途別二級","240","(12)派員考察農業勞動、技術服務及機械設備共享經濟發展策略，及農協組織發展經濟事業策略等國外旅費240千元。","15","true","","","","","","","",""
"5651011000","農業管理","2,776,961","04","輔導推廣","2000","業務費","2084","短程車資","用途別二級","40","(13)短程洽公車資40千元。","16","","","","","","","","",""
"5651011000","農業管理","2,776,961","04","輔導推廣","3000","設備及投資","","","用途別一級","131","4.設備及投資131千元，係事務設備等購置費用。","17","true","true","","","","","","",""
"5651011000","農業管理","2,776,961","04","輔導推廣","3000","設備及投資","3035","雜項設備費","用途別二級","131","4.設備及投資131千元，係事務設備等購置費用。","17","","true","","","","","","",""
"5651011000","農業管理","2,776,961","04","輔導推廣","4000","獎補助費","","","用途別一級","4316","5.獎補助費4,316千元，係捐助各級農會、農民團體與農業相關團體等，辦理提升農會組織服務功能計畫，發展經濟事業、健全人力素質、改善農會體質、輔導農會開發多元產業、健全農業財團法人組織，及檢討農會法相關法規等。","18","true","true","","","","","","",""
"5651011000","農業管理","2,776,961","04","輔導推廣","4000","獎補助費","4040","對國內團體之捐助","用途別二級","4316","5.獎補助費4,316千元，係捐助各級農會、農民團體與農業相關團體等，辦理提升農會組織服務功能計畫，發展經濟事業、健全人力素質、改善農會體質、輔導農會開發多元產業、健全農業財團法人組織，及檢討農會法相關法規等。","18","","true","","","","","","",""
"5651011000","農業管理","2,776,961","05","國際農業諮商與合作","","","","","分支計畫","298015","","","","","","","","","","",""
"5651011000","農業管理","2,776,961","05","國際農業諮商與合作","2000","業務費","","","用途別一級","33031","5.業務費33,031千元。","5","true","","","","","","","",""
"5651011000","農業管理","2,776,961","05","國際農業諮商與合作","2000","業務費","2003","教育訓練費","用途別二級","1106","(1)員工出國教育訓練費1,106千元。","6","true","","","","","","","",""
"5651011000","農業管理","2,776,961","05","國際農業諮商與合作","2000","業務費","2006","水電費","用途別二級","149","(2)水電費149千元。","7","true","","","","","","","",""
"5651011000","農業管理","2,776,961","05","國際農業諮商與合作","2000","業務費","2009","通訊費","用途別二級","33","(3)郵資、電信費等33千元。","8","","","","","","","","",""
"5651011000","農業管理","2,776,961","05","國際農業諮商與合作","2000","業務費","2018","資訊服務費","用途別二級","1149","(4)簽審通關共同作業平臺系統維護費1,149千元。","9","","","","","","","","",""
"5651011000","農業管理","2,776,961","05","國際農業諮商與合作","2000","業務費","2033","約用人員酬金","用途別二級","731","(5)遴用約用人員協辦各項專案計畫及活動等731千元。","10","","","","","","","","",""
"5651011000","農業管理","2,776,961","05","國際農業諮商與合作","2000","業務費","2036","按日按件計資酬金","用途別二級","52","(6)法規條文、國際會議及雙邊農業合作會議外語資料編譯、通譯或記錄；APEC農業技術合作與相關英文資料審查費，國際農業合作、WTO及APEC談判諮商與進口管理政策之協調等相關會議出席費等52千元。","11","","","","","","","","",""
"5651011000","農業管理","2,776,961","05","國際農業諮商與合作","2000","業務費","2039","委辦費","用途別二級","1619","(7)委託大專院校、民間團體或其他機關等，辦理雙邊諮商之國際農業合作計畫766千元，辦理國際農業組織活動及研討會等853千元，合共1,619千元。","12","","","","","","","","",""
"5651011000","農業管理","2,776,961","05","國際農業諮商與合作","2000","業務費","2042","國際組織會費","用途別二級","3285","(8)參加亞非農村發展組織會費95,900美元，經濟合作暨發展組織會費等10,000歐元，國際園藝學會年費240歐元，折合新臺幣3,285千元。","13","","","","","","","","",""
"5651011000","農業管理","2,776,961","05","國際農業諮商與合作","2000","業務費","2051","物品","用途別二級","64","(9)購置文具紙張、報章雜誌、資料夾、碳粉匣等64千元。","14","","","","","","","","",""
"5651011000","農業管理","2,776,961","05","國際農業諮商與合作","2000","業務費","2054","一般事務費","用途別二級","5926","(10)邀請日本及其他外籍專家來臺指導，辦理國際農業會議、諮商、調查等資料彙編及各項業務報告印製等929千元，辦理農業青年大使交流計畫3,065千元，辦理媒體政策及業務宣導相關經費1,932千元，合共5,926千元。","15","","","","","","","","",""
"5651011000","農業管理","2,776,961","05","國際農業諮商與合作","2000","業務費","2072","國內旅費","用途別二級","228","(11)國內旅費228千元。","16","true","","","","","","","",""
"5651011000","農業管理","2,776,961","05","國際農業諮商與合作","2000","業務費","2075","大陸地區旅費","用途別二級","789","(12)辦理國產農產品港澳大陸地區海外拓銷相關活動及兩岸農業事務諮商等大陸地區旅費789千元。","17","true","","","","","","","",""
"5651011000","農業管理","2,776,961","05","國際農業諮商與合作","2000","業務費","2078","國外旅費","用途別二級","17900","(13)參與WTO、APEC、OECD、AARDO、APO、ISHS等國際組織活動，及FTA或雙邊與多邊會議等相關諮商與談判等國外旅費17,900千元。","18","true","","","","","","","",""
"5651011000","農業管理","2,776,961","05","國際農業諮商與合作","3000","設備及投資","","","用途別一級","43","6.設備及投資43千元，係事務設備等購置費用。","19","true","true","","","","","","",""
"5651011000","農業管理","2,776,961","05","國際農業諮商與合作","3000","設備及投資","3035","雜項設備費","用途別二級","43","6.設備及投資43千元，係事務設備等購置費用。","19","","true","","","","","","",""
"5651011000","農業管理","2,776,961","05","國際農業諮商與合作","4000","獎補助費","","","用途別一級","264941","7.獎補助費264,941千元。","20","true","","","","","","","",""
"5651011000","農業管理","2,776,961","05","國際農業諮商與合作","","","","","未歸戶說明","","(1)捐助亞蔬-世界蔬菜中心行政及業務經費183,966千元，協助非洲地區維持蔬菜種原多樣性30,000千元，合共213,966千元。","","","","","","","","true","",""
"5651011000","農業管理","2,776,961","05","國際農業諮商與合作","","","","","未歸戶說明","","(2)捐助國際土地政策研究訓練中心行政及業務經費15,000千元。","","","","","","","","true","",""
"5651011000","農業管理","2,776,961","05","國際農業諮商與合作","","","","","未歸戶說明","","(3)捐助亞太糧食肥料技術中心行政及業務經費25,000千元。","","","","","","","","true","",""
"5651011000","農業管理","2,776,961","05","國際農業諮商與合作","","","","","未歸戶說明","","(4)捐助民間團體或相關國際組織等，辦理國際農業技術交流等計畫6,931千元，捐助民間團體辦理推動農業新南向及臺商交流活動2,214千元，合共9,145千元。","","","","","","","","true","",""
"5651011000","農業管理","2,776,961","05","國際農業諮商與合作","","","","","未歸戶說明","","(5)辦理國際農業領導力發展計畫60,000美元，折合新臺幣1,830千元。","","","","","","","","true","",""
"5651011000","農業管理","2,776,961","05","國際農業諮商與合作","4000","獎補助費","4035","對外之捐助","用途別二級","245596","","","","","","","","","","",""
"5651011000","農業管理","2,776,961","05","國際農業諮商與合作","4000","獎補助費","4040","對國內團體之捐助","用途別二級","19345","","","","","","","","","","",""
"5651011000","農業管理","2,776,961","06","農業統計調查","","","","","分支計畫","16444","","","","","","","","","","",""
"5651011000","農業管理","2,776,961","06","農業統計調查","2000","業務費","","","用途別一級","11344","3.業務費11,344千元。","3","true","","","","","","","",""
"5651011000","農業管理","2,776,961","06","農業統計調查","2000","業務費","2003","教育訓練費","用途別二級","592","(1)員工教育訓練費592千元。","4","true","","","","","","","",""
"5651011000","農業管理","2,776,961","06","農業統計調查","2000","業務費","2009","通訊費","用途別二級","102","(2)郵資、電信費等102千元。","5","","","","","","","","",""
"5651011000","農業管理","2,776,961","06","農業統計調查","2000","業務費","2018","資訊服務費","用途別二級","2640","(3)農業統計資料庫管理與農產貿易統計資料處理、維運防災資訊系統及計畫經費整合管理等資訊系統維護費2,640千元。","6","","","","","","","","",""
"5651011000","農業管理","2,776,961","06","農業統計調查","2000","業務費","2021","其他業務租金","用途別二級","36","(4)講習與檢討會議之場地、設備及交通工具租金等36千元。","7","","","","","","","","",""
"5651011000","農業管理","2,776,961","06","農業統計調查","2000","業務費","2033","約用人員酬金","用途別二級","3873","(5)遴用約用人員協辦各項農業統計調查等3,873千元。","8","","","","","","","","",""
"5651011000","農業管理","2,776,961","06","農業統計調查","2000","業務費","2036","按日按件計資酬金","用途別二級","263","(6)資料審查會議出席費、農業統計調查指導費、審查費及實地訪查費等263千元。","9","","","","","","","","",""
"5651011000","農業管理","2,776,961","06","農業統計調查","2000","業務費","2039","委辦費","用途別二級","960","(7)委託專業機構辦理受補助單位各項計畫經費執行情形及其內部控制之查核工作等960千元。","10","","","","","","","","",""
"5651011000","農業管理","2,776,961","06","農業統計調查","2000","業務費","2051","物品","用途別二級","475","(8)購置文具紙張、報章雜誌、資料夾、碳粉匣等475千元。","11","","","","","","","","",""
"5651011000","農業管理","2,776,961","06","農業統計調查","2000","業務費","2054","一般事務費","用途別二級","1911","(9)辦理調查手冊及統計書刊印製，講習及檢討會議相關資料印製，會計相關表報印製，會計事務聯繫會報資料印製等1,911千元。","12","","","","","","","","",""
"5651011000","農業管理","2,776,961","06","農業統計調查","2000","業務費","2072","國內旅費","用途別二級","458","(10)國內旅費458千元。","13","true","","","","","","","",""
"5651011000","農業管理","2,776,961","06","農業統計調查","2000","業務費","2081","運費","用途別二級","34","(11)寄送調查表件等運費34千元。","14","true","","","","","","","",""
"5651011000","農業管理","2,776,961","06","農業統計調查","4000","獎補助費","","","用途別一級","5100","4.獎補助費5,100千元，係捐助研究機構或相關法人等辦理主力農家所得決策支援等計畫。","15","true","true","","","","","","",""
"5651011000","農業管理","2,776,961","06","農業統計調查","4000","獎補助費","4040","對國內團體之捐助","用途別二級","5100","4.獎補助費5,100千元，係捐助研究機構或相關法人等辦理主力農家所得決策支援等計畫。","15","","true","","","","","","",""
"5651011000","農業管理","2,776,961","07","動物保護管理","","","","","分支計畫","473190","","","","","","","","","","",""
"5651011000","農業管理","2,776,961","07","動物保護管理","2000","業務費","","","用途別一級","130713","7.業務費130,713千元。","7","true","","","","","","","",""
"5651011000","農業管理","2,776,961","07","動物保護管理","2000","業務費","2006","水電費","用途別二級","162","(1)水電費162千元。","8","true","","","","","","","",""
"5651011000","農業管理","2,776,961","07","動物保護管理","2000","業務費","2009","通訊費","用途別二級","130","(2)郵資、電信費等130千元。","9","","","","","","","","",""
"5651011000","農業管理","2,776,961","07","動物保護管理","2000","業務費","2018","資訊服務費","用途別二級","3000","(3)寵物食品申報管理系統及簽審通關作業平臺之維護及操作等服務費用1,000千元，全國動物保護業務系統之維護及操作等服務費用2,000千元，合共3,000千元。","10","","","","","","","","",""
"5651011000","農業管理","2,776,961","07","動物保護管理","2000","業務費","2024","稅捐及規費","用途別二級","40","(4)寵物相關產品檢驗等規費40千元。","11","","","","","","","","",""
"5651011000","農業管理","2,776,961","07","動物保護管理","2000","業務費","2027","保險費","用途別二級","4597","(5)政府部門執勤犬保險推動計畫4,597千元。","12","","","","","","","","",""
"5651011000","農業管理","2,776,961","07","動物保護管理","2000","業務費","2036","按日按件計資酬金","用途別二級","397","(6)動物保護諮議小組、寵物管理政策研究及諮詢、法規檢討、計畫審查等委員出席費397千元。","13","","","","","","","","",""
"5651011000","農業管理","2,776,961","07","動物保護管理","2000","業務費","2039","委辦費","用途別二級","117800","(7)委託相關機關、產業團體及民間團體等，辦理強化動物保護基盤計畫60,000千元，強化寵物管理公共政策計畫25,000千元，推動寵物食品管理制度計畫24,000千元，推動友善飼養體系計畫8,800千元，合共117,800千元(其中含媒體政策及業務宣導費5,000千元)。","14","","","","","","","","",""
"5651011000","農業管理","2,776,961","07","動物保護管理","2000","業務費","2045","國內組織會費","用途別二級","80","(8)獸醫師公會入會費、常年會費80千元。","15","","","","","","","","",""
"5651011000","農業管理","2,776,961","07","動物保護管理","2000","業務費","2051","物品","用途別二級","107","(9)購置文具紙張、報章雜誌、資料夾、碳粉匣等107千元。","16","","","","","","","","",""
"5651011000","農業管理","2,776,961","07","動物保護管理","2000","業務費","2054","一般事務費","用途別二級","3103","(10)各項施政、管考、研究計畫等文件及法規彙編印製費用等1,172千元，辦理媒體政策及業務宣導相關經費1,931千元，合共3,103千元。","17","","","","","","","","",""
"5651011000","農業管理","2,776,961","07","動物保護管理","2000","業務費","2072","國內旅費","用途別二級","945","(11)國內旅費945千元。","18","true","","","","","","","",""
"5651011000","農業管理","2,776,961","07","動物保護管理","2000","業務費","2078","國外旅費","用途別二級","331","(12)派員考察德國寵物產業管理及發展趨勢暨參訪2026紐倫堡國際寵物產業貿易展等國外旅費331千元。","19","true","","","","","","","",""
"5651011000","農業管理","2,776,961","07","動物保護管理","2000","業務費","2084","短程車資","用途別二級","21","(13)短程洽公車資21千元。","20","","","","","","","","",""
"5651011000","農業管理","2,776,961","07","動物保護管理","3000","設備及投資","","","用途別一級","17000","8.設備及投資17,000千元，係寵物食品、寵物產業及動物展演管理資訊系統等系統開發費。","21","true","","","","","","","",""
"5651011000","農業管理","2,776,961","07","動物保護管理","3000","設備及投資","3030","資訊軟硬體設備費","用途別二級","17000","","","","","","","","","","",""
"5651011000","農業管理","2,776,961","07","動物保護管理","4000","獎補助費","","","用途別一級","325477","9.獎補助費325,477千元。","22","true","","","","","","","",""
"5651011000","農業管理","2,776,961","07","動物保護管理","","","","","未歸戶說明","","(1)補助政府機關、大專院校及相關團體等辦理建構友善動物保護等計畫190,934千元(其中含媒體政策及業務宣導費2,500千元)。","","","","","","","","true","",""
"5651011000","農業管理","2,776,961","07","動物保護管理","","","","","未歸戶說明","","(2)補助大專院校及相關團體等辦理寵物產業管理精進等計畫87,888千元(其中含媒體政策及業務宣導費1,500千元)。","","","","","","","","true","",""
"5651011000","農業管理","2,776,961","07","動物保護管理","","","","","未歸戶說明","","(3)補助大專院校及國內相關團體等辦理提升寵物食品管理效能等計畫32,184千元(其中含媒體政策及業務宣導費1,000千元)。","","","","","","","","true","",""
"5651011000","農業管理","2,776,961","07","動物保護管理","","","","","未歸戶說明","","(4)補助大專院校及國內相關團體等辦理動物福利產業紮根及提升政府部門執勤犬照護與管理等計畫14,471千元。","","","","","","","","true","",""
"5651011000","農業管理","2,776,961","07","動物保護管理","4000","獎補助費","4025","政府機關間之補助","用途別二級","10000","","","","","","","","","","",""
"5651011000","農業管理","2,776,961","07","動物保護管理","4000","獎補助費","4030","對特種基金之補助","用途別二級","17000","","","","","","","","","","",""
"5651011000","農業管理","2,776,961","07","動物保護管理","4000","獎補助費","4040","對國內團體之捐助","用途別二級","288277","","","","","","","","","","",""
"5651011000","農業管理","2,776,961","07","動物保護管理","4000","獎補助費","4045","對私校之獎助","用途別二級","10200","","","","","","","","","","",""
"5651011000","農業管理","2,776,961","08","資源永續利用","","","","","分支計畫","10069","","","","","","","","","","",""
"5651011000","農業管理","2,776,961","08","資源永續利用","2000","業務費","","","用途別一級","10069","4.業務費10,069千元。","4","true","true","","","","","","",""
"5651011000","農業管理","2,776,961","08","資源永續利用","2000","業務費","2006","水電費","用途別二級","280","(1)水電費280千元。","5","true","","","","","","","",""
"5651011000","農業管理","2,776,961","08","資源永續利用","2000","業務費","2009","通訊費","用途別二級","290","(2)郵資、電信費及數據通訊費等290千元。","6","true","","","","","","","",""
"5651011000","農業管理","2,776,961","08","資源永續利用","2000","業務費","2033","約用人員酬金","用途別二級","1447","(3)遴用約用人員協辦各項專案計畫及活動等1,447千元。","7","","","","","","","","",""
"5651011000","農業管理","2,776,961","08","資源永續利用","2000","業務費","2036","按日按件計資酬金","用途別二級","230","(4)農業資源永續利用等相關政策之協調、意見溝通及學者專家諮詢等會議出席費，以及各項計畫審查費等230千元。","8","","","","","","","","",""
"5651011000","農業管理","2,776,961","08","資源永續利用","2000","業務費","2039","委辦費","用途別二級","3460","(5)委託專業機構或相關團體等，辦理農業資源永續利用、氣候變遷調適及淨零排放相關政策推動等3,460千元(其中含媒體政策及業務宣導費1,054千元)。","9","","","","","","","","",""
"5651011000","農業管理","2,776,961","08","資源永續利用","2000","業務費","2051","物品","用途別二級","500","(6)購置文具紙張、報章雜誌、資料夾、碳粉匣、電腦用品、耗材等500千元。","10","","","","","","","","",""
"5651011000","農業管理","2,776,961","08","資源永續利用","2000","業務費","2054","一般事務費","用途別二級","3481","(7)各項施政、管考、講習、研究計畫報告、專案會議及檢討會資料印製費用等1,550千元，辦理媒體政策及業務宣導相關經費1,931千元，合共3,481千元。","11","","","","","","","","",""
"5651011000","農業管理","2,776,961","08","資源永續利用","2000","業務費","2072","國內旅費","用途別二級","300","(8)國內旅費300千元。","12","true","","","","","","","",""
"5651011000","農業管理","2,776,961","08","資源永續利用","2000","業務費","2078","國外旅費","用途別二級","71","(9)考察日本農地中間管理機構制度執行成果與直接給付政策等國外旅費71千元。","13","true","","","","","","","",""
"5651011000","農業管理","2,776,961","08","資源永續利用","2000","業務費","2084","短程車資","用途別二級","10","(10)短程洽公車資10千元。","14","","","","","","","","",""
"5651011000","農業管理","2,776,961","09","資訊管理與應用","","","","","分支計畫","54371","","","","","","","","","","",""
"5651011000","農業管理","2,776,961","09","資訊管理與應用","2000","業務費","","","用途別一級","44719","9.業務費44,719千元。","9","true","","","","","","","",""
"5651011000","農業管理","2,776,961","09","資訊管理與應用","2000","業務費","2003","教育訓練費","用途別二級","100","(1)員工教育訓練費100千元。","10","true","","","","","","","",""
"5651011000","農業管理","2,776,961","09","資訊管理與應用","2000","業務費","2018","資訊服務費","用途別二級","44019","(2)雲端行政資訊系統維護；本部資料中心及通訊機房相關之機房及資訊軟硬體、機電、消防、異地備援、本地及異地備份、資安監控、演練等維護與資訊服務；資訊安全與個人資料保護管理制度維運；本部及所屬機關全球資訊網及架站平臺維運；個人電腦及周邊設備維護、作業系統升級、購置套裝軟體、防毒軟體、資安軟體；農業軌跡資訊整合管理應用等經費44,019千元(其中含資通安全經費2,061千元)。","11","","","","","","","","",""
"5651011000","農業管理","2,776,961","09","資訊管理與應用","2000","業務費","2036","按日按件計資酬金","用途別二級","176","(3)農業資訊相關政策、協調、意見溝通及學者專家諮詢等會議出席費，以及各項計畫審查費等176千元。","12","","","","","","","","",""
"5651011000","農業管理","2,776,961","09","資訊管理與應用","2000","業務費","2051","物品","用途別二級","126","(4)購置文具紙張、資料夾、碳粉匣、電腦用品、耗材等126千元。","13","","","","","","","","",""
"5651011000","農業管理","2,776,961","09","資訊管理與應用","2000","業務費","2072","國內旅費","用途別二級","298","(5)國內旅費298千元。","14","true","","","","","","","",""
"5651011000","農業管理","2,776,961","09","資訊管理與應用","3000","設備及投資","","","用途別一級","9652","10.設備及投資9,652千元，係本部及所屬機關全球資訊網管理平臺及架站平臺功能擴充；資通管理系統功能擴充；強化本部資料中心服務效能、設備更新與擴充；配合行政作業資訊化管理，汰換個人電腦、印表機、筆記型電腦等(其中含資通安全經費9,652千元)。","15","true","true","","","","","","",""
"5651011000","農業管理","2,776,961","09","資訊管理與應用","3000","設備及投資","3030","資訊軟硬體設備費","用途別二級","9652","10.設備及投資9,652千元，係本部及所屬機關全球資訊網管理平臺及架站平臺功能擴充；資通管理系統功能擴充；強化本部資料中心服務效能、設備更新與擴充；配合行政作業資訊化管理，汰換個人電腦、印表機、筆記型電腦等(其中含資通安全經費9,652千元)。","15","","true","","","","","","",""
"5651011000","農業管理","2,776,961","10","花卉園區管理","","","","","分支計畫","319663","","","","","","","","","","",""
"5651011000","農業管理","2,776,961","10","花卉園區管理","1000","人事費","","","用途別一級","49890","2.職員33人、技工6人、約僱人員1人，合計40人，共需人事費49,890千元。","2","true","","","","","","","",""
"5651011000","農業管理","2,776,961","10","花卉園區管理","1000","人事費","1015","法定編制人員待遇","用途別二級","30342","職員33人。","","","","","true","","","","",""
"5651011000","農業管理","2,776,961","10","花卉園區管理","1000","人事費","1020","約聘僱人員待遇","用途別二級","535","約僱人員1人。","","","","","true","","","","",""
"5651011000","農業管理","2,776,961","10","花卉園區管理","1000","人事費","1025","技工及工友待遇","用途別二級","2744","技工6人。","","","","","true","","","","",""
"5651011000","農業管理","2,776,961","10","花卉園區管理","1000","人事費","1030","獎金","用途別二級","7526","","","","","","","","","","",""
"5651011000","農業管理","2,776,961","10","花卉園區管理","1000","人事費","1035","其他給與","用途別二級","635","","","","","","","","","","",""
"5651011000","農業管理","2,776,961","10","花卉園區管理","1000","人事費","1040","加班費","用途別二級","1636","","","","","","","","","","",""
"5651011000","農業管理","2,776,961","10","花卉園區管理","1000","人事費","1050","退休離職儲金","用途別二級","3207","","","","","","","","","","",""
"5651011000","農業管理","2,776,961","10","花卉園區管理","1000","人事費","1055","保險","用途別二級","3265","","","","","","","","","","",""
"5651011000","農業管理","2,776,961","10","花卉園區管理","2000","業務費","","","用途別一級","92703","3.業務費92,703千元。","3","true","","","","","","","",""
"5651011000","農業管理","2,776,961","10","花卉園區管理","2000","業務費","2003","教育訓練費","用途別二級","8","(1)員工教育訓練費8千元。","4","true","","","","","","","",""
"5651011000","農業管理","2,776,961","10","花卉園區管理","2000","業務費","2006","水電費","用途別二級","6460","(2)水電費6,460千元。","5","true","","","","","","","",""
"5651011000","農業管理","2,776,961","10","花卉園區管理","2000","業務費","2009","通訊費","用途別二級","300","(3)園區管理業務所需郵資、電信費及網路通訊費等300千元。","6","true","","","","","","","",""
"5651011000","農業管理","2,776,961","10","花卉園區管理","2000","業務費","2012","土地租金","用途別二級","11596","(4)園區土地租金11,596千元。","7","true","","","","","","","",""
"5651011000","農業管理","2,776,961","10","花卉園區管理","2000","業務費","2018","資訊服務費","用途別二級","1820","(5)辦理防毒軟體年度更新等費用1,820千元。","8","","","","","","","","",""
"5651011000","農業管理","2,776,961","10","花卉園區管理","2000","業務費","2021","其他業務租金","用途別二級","255","(6)租用影印機等機械設備255千元。","9","","","","","","","","",""
"5651011000","農業管理","2,776,961","10","花卉園區管理","2000","業務費","2024","稅捐及規費","用途別二級","2284","(7)園區溫室、展覽館等房屋稅、規費及公務車輛牌照稅、燃料使用費等2,284千元。","10","","","","","","","","",""
"5651011000","農業管理","2,776,961","10","花卉園區管理","2000","業務費","2027","保險費","用途別二級","1200","(8)辦公廳舍、溫室、展覽館及公務車輛保險等1,200千元。","11","","","","","","","","",""
"5651011000","農業管理","2,776,961","10","花卉園區管理","2000","業務費","2033","約用人員酬金","用途別二級","966","(9)遴用約用人員協助辦理資料分析等966千元。","12","","","","","","","","",""
"5651011000","農業管理","2,776,961","10","花卉園區管理","2000","業務費","2036","按日按件計資酬金","用途別二級","100","(10)外聘委員出席費及稿費等100千元。","13","","","true","","","","","",""
"5651011000","農業管理","2,776,961","10","花卉園區管理","2000","業務費","2051","物品","用途別二級","762","(11)購置文具紙張、電腦耗材、報章雜誌及油料等762千元。","14","","","","","","","","",""
"5651011000","農業管理","2,776,961","10","花卉園區管理","2000","業務費","2054","一般事務費","用途別二級","61539","(12)員工文康活動費，園區環境清潔、保全及資料建檔等事務性工作經費61,533千元，員工協助方案相關經費6千元，合共61,539千元。","15","","","","","","","","",""
"5651011000","農業管理","2,776,961","10","花卉園區管理","2000","業務費","2063","房屋建築養護費","用途別二級","1077","(13)辦公房屋、溫室及展覽館修繕費等1,077千元。","16","","","","","","","","",""
"5651011000","農業管理","2,776,961","10","花卉園區管理","2000","業務費","2066","器具養護費","用途別二級","88","(14)公務車輛及辦公器具養護費等88千元。","17","true","","","","","","","",""
"5651011000","農業管理","2,776,961","10","花卉園區管理","2000","業務費","2069","設施及機械設備養護費","用途別二級","3845","(15)辦理園區、電梯、消防、監視系統及電氣等設備檢查保養維修，戶外環境設施整修、機械設備及園區道路等維護費用3,845千元。","18","","","","","","","","",""
"5651011000","農業管理","2,776,961","10","花卉園區管理","2000","業務費","2072","國內旅費","用途別二級","324","(16)國內差旅費324千元。","19","","","","","","","","",""
"5651011000","農業管理","2,776,961","10","花卉園區管理","2000","業務費","2093","特別費","用途別二級","79","(17)特別費79千元。","20","true","","","","","","","",""
"5651011000","農業管理","2,776,961","10","花卉園區管理","3000","設備及投資","","","用途別一級","177070","4.設備及投資177,070千元。","21","true","","","","","","","",""
"5651011000","農業管理","2,776,961","10","花卉園區管理","3000","設備及投資","3015","公共建設及設施費","用途別二級","174270","(1)辦理園區既有基礎設施改善升級，改善園區自來水供水、污水處理、消防、道路、景觀等設施所需經費174,270千元，其中工程管理費1,043千元，係依「中央政府各機關工程管理費支用要點」規定暫以0.7%估算，並配合工程結算總價覈實於得提列數額內執行。","22","","","","","","","","",""
"5651011000","農業管理","2,776,961","10","花卉園區管理","3000","設備及投資","3020","機械設備費","用途別二級","2500","(2)購置生理調查相關設備2,500千元。","23","","","","","","","","",""
"5651011000","農業管理","2,776,961","10","花卉園區管理","3000","設備及投資","3030","資訊軟硬體設備費","用途別二級","200","(3)購置電腦等資訊設備200千元。","24","","","","","","","","",""
"5651011000","農業管理","2,776,961","10","花卉園區管理","","","","","未歸戶說明","","(4)購置辦公事務設備等100千元。","","","","","","","","true","",""
"5651011000","農業管理","2,776,961","10","花卉園區管理","3000","設備及投資","3035","雜項設備費","用途別二級","100","","","","","","","","","","",""
"5651011100","農業發展","37,994,730","01","補助農業特別收入基金","","","","","分支計畫","37540305","","","","","","","","","","",""
"5651011100","農業發展","37,994,730","01","補助農業特別收入基金","4000","獎補助費","","","用途別一級","37540305","1.補助農業發展基金18,397,693千元，係辦理農業貸款利息差額補貼、糧政業務、獎勵農漁民子女就學、推廣有機質肥料、農業保險等所需經費。2.補助農業天然災害救助基金3,960,858千元，係辦理現金救助、補助或低利貸款等所需經費。3.補助農產品受進口損害救助基金15,181,754千元，係辦理調整產業或防範措施、綠色環境給付、進口損害救助及穩價等計畫所需經費。","1","","","","","","","","true",""
"5651011100","農業發展","37,994,730","01","補助農業特別收入基金","4000","獎補助費","4030","對特種基金之補助","用途別二級","37540305","","","","","","","","","","",""
"5651011100","農業發展","37,994,730","02","無人載具產業發展統籌型計畫","","","","","分支計畫","117500","","","","","","","","","","",""
"5651011100","農業發展","37,994,730","02","無人載具產業發展統籌型計畫","2000","業務費","","","用途別一級","7500","1.業務費7,500千元。","1","true","","","","","","","",""
"5651011100","農業發展","37,994,730","02","無人載具產業發展統籌型計畫","2000","業務費","2039","委辦費","用途別二級","7500","1.業務費7,500千元。(1)委託民間團體或相關機關運用國內測繪相關資源及農業精準定位服務，規劃具個別化管理機制與即時定位紀錄等政策需求，強化個別管理及定位紀錄之資訊安全機制，提升農業無人載具運用之可信性5,000千元。(2)委託民間團體或相關機關辦理無人機於農林漁畜產業創新應用研發媒合及成果應用推廣等計畫2,500千元。","1","","","","","true","","","",""
"5651011100","農業發展","37,994,730","02","無人載具產業發展統籌型計畫","4000","獎補助費","","","用途別一級","110000","2.獎補助費110,000千元，係補助辦理無人機於農林漁畜產業創新應用研發計畫所需經費。","4","true","","","","","","","",""
"5651011100","農業發展","37,994,730","02","無人載具產業發展統籌型計畫","4000","獎補助費","4025","政府機關間之補助","用途別二級","80000","","","","","","","","","","",""
"5651011100","農業發展","37,994,730","02","無人載具產業發展統籌型計畫","4000","獎補助費","4030","對特種基金之補助","用途別二級","10000","","","","","","","","","","",""
"5651011100","農業發展","37,994,730","02","無人載具產業發展統籌型計畫","4000","獎補助費","4040","對國內團體之捐助","用途別二級","20000","","","","","","","","","","",""
"5651011100","農業發展","37,994,730","03","全國航遙測影像產製暨AI判釋與應用計畫","","","","","分支計畫","20173","","","","","","","","","","",""
"5651011100","農業發展","37,994,730","03","全國航遙測影像產製暨AI判釋與應用計畫","2000","業務費","","","用途別一級","20173","3.業務費20,173千元，係委託民間團體或相關機關，辦理國土計畫農地資訊整合與加值應用、農地資源利用判釋分析發布、全國GIS地籍圖接合對位處理作業、農業地理資訊整合應用、全國農田坵塊圖更新維護等計畫。","4","true","true","","","","","","",""
"5651011100","農業發展","37,994,730","03","全國航遙測影像產製暨AI判釋與應用計畫","2000","業務費","2039","委辦費","用途別二級","20173","","","","","","","","","","",""
"5651011100","農業發展","37,994,730","04","打造永續共好地方創生計畫","","","","","分支計畫","85000","","","","","","","","","","",""
"5651011100","農業發展","37,994,730","04","打造永續共好地方創生計畫","2000","業務費","","","用途別一級","6000","3.業務費6,000千元。","3","true","","","","","","","",""
"5651011100","農業發展","37,994,730","04","打造永續共好地方創生計畫","2000","業務費","2039","委辦費","用途別二級","4500","(1)委託民間團體或相關機關辦理永續共好地方創生亮點打造等輔導計畫4,500千元。","4","","","","","","","","",""
"5651011100","農業發展","37,994,730","04","打造永續共好地方創生計畫","2000","業務費","2072","國內旅費","用途別二級","1500","(2)國內旅費1,500千元。","5","true","","","","","","","",""
"5651011100","農業發展","37,994,730","04","打造永續共好地方創生計畫","4000","獎補助費","","","用途別一級","79000","4.獎補助費79,000千元，係補助農會融合地方元素，改造、活化閒置穀倉內、外部空間，建置多元功能場域，據以推動食農教育、農業推廣、休閒觀光、農業旅遊等具創新性、策略性或政策性之經營模式。","6","true","true","","","","","","",""
"5651011100","農業發展","37,994,730","04","打造永續共好地方創生計畫","4000","獎補助費","4040","對國內團體之捐助","用途別二級","79000","4.獎補助費79,000千元，係補助農會融合地方元素，改造、活化閒置穀倉內、外部空間，建置多元功能場域，據以推動食農教育、農業推廣、休閒觀光、農業旅遊等具創新性、策略性或政策性之經營模式。","6","","true","","","","","","",""
"5651011100","農業發展","37,994,730","05","建構農產品冷鏈物流及品質確保示範體系(第二期)計畫","","","","","分支計畫","172514","","","","","","","","","","",""
"5651011100","農業發展","37,994,730","05","建構農產品冷鏈物流及品質確保示範體系(第二期)計畫","2000","業務費","","","用途別一級","150","1.業務費150千元。","1","true","","","","","","","",""
"5651011100","農業發展","37,994,730","05","建構農產品冷鏈物流及品質確保示範體系(第二期)計畫","2000","業務費","2036","按日按件計資酬金","用途別二級","50","(1)辦理計畫審查相關會議委員出席費等50千元。","2","","","","","","","","",""
"5651011100","農業發展","37,994,730","05","建構農產品冷鏈物流及品質確保示範體系(第二期)計畫","2000","業務費","2072","國內旅費","用途別二級","100","(2)國內旅費100千元。","3","true","","","","","","","",""
"5651011100","農業發展","37,994,730","05","建構農產品冷鏈物流及品質確保示範體系(第二期)計畫","4000","獎補助費","","","用途別一級","172364","2.獎補助費172,364千元，係補助相關團體等辦理牛羊及家禽屠宰、肉品、蛋品及乳品冷鏈相關設施建置或升級。","4","true","true","","","","","","",""
"5651011100","農業發展","37,994,730","05","建構農產品冷鏈物流及品質確保示範體系(第二期)計畫","4000","獎補助費","4040","對國內團體之捐助","用途別二級","172364","2.獎補助費172,364千元，係補助相關團體等辦理牛羊及家禽屠宰、肉品、蛋品及乳品冷鏈相關設施建置或升級。","4","","true","","","","","","",""
"5651011100","農業發展","37,994,730","06","因應氣候變遷縣市管河川及排水整體改善計畫","","","","","分支計畫","59238","","","","","","","","","","",""
"5651011100","農業發展","37,994,730","06","因應氣候變遷縣市管河川及排水整體改善計畫","4000","獎補助費","","","用途別一級","59238","1.獎補助費59,238千元，係補助相關團體辦理畜牧場污染防治工作，改善畜牧排放水品質，提升河川水體環境，促進畜牧產業與環境共存。","1","true","true","","","","","","",""
"5651011100","農業發展","37,994,730","06","因應氣候變遷縣市管河川及排水整體改善計畫","4000","獎補助費","4040","對國內團體之捐助","用途別二級","59238","1.獎補助費59,238千元，係補助相關團體辦理畜牧場污染防治工作，改善畜牧排放水品質，提升河川水體環境，促進畜牧產業與環境共存。","1","","true","","","","","","",""
"5651019011","交通及運輸設備","910","01","交通及運輸設備","","","","","分支計畫","910","","","","","","","","","","",""
"5651019011","交通及運輸設備","910","01","交通及運輸設備","3000","設備及投資","","","用途別一級","910","","","","","","","","","","",""
"5651019011","交通及運輸設備","910","01","交通及運輸設備","3000","設備及投資","3025","運輸設備費","用途別二級","910","","","","","","","","","","",""
"5651019800","第一預備金","62,678","01","第一預備金","","","","","分支計畫","62678","","","","","","","","","","",""
"5651019800","第一預備金","62,678","01","第一預備金","6000","預備金","","","用途別一級","62678","","","","","","","","","","",""
"5651019800","第一預備金","62,678","01","第一預備金","6000","預備金","6005","第一預備金","用途別二級","62678","","","","","","","","","","",""
"6151011000","社會保險業務","24,619,487","01","農民保險業務","","","","","分支計畫","24548194","","","","","","","","","","",""
"6151011000","社會保險業務","24,619,487","01","農民保險業務","2000","業務費","","","用途別一級","1338","4.業務費1,338千元，係辦理農民健康保險條例規定之農民健康保險業務所需行政經費(其中委託辦理農民健康保險費率精算及財務評估628千元)。","4","true","true","","","","","","",""
"6151011000","社會保險業務","24,619,487","01","農民保險業務","2000","業務費","2039","委辦費","用途別二級","628","4.業務費1,338千元，係辦理農民健康保險條例規定之農民健康保險業務所需行政經費(其中委託辦理農民健康保險費率精算及財務評估628千元)。","4","","true","","","","","","",""
"6151011000","社會保險業務","24,619,487","01","農民保險業務","2000","業務費","2051","物品","用途別二級","70","","","","","","","","","","",""
"6151011000","社會保險業務","24,619,487","01","農民保險業務","2000","業務費","2054","一般事務費","用途別二級","600","","","","","","","","","","",""
"6151011000","社會保險業務","24,619,487","01","農民保險業務","2000","業務費","2072","國內旅費","用途別二級","20","","","","","","","","","","",""
"6151011000","社會保險業務","24,619,487","01","農民保險業務","2000","業務費","2081","運費","用途別二級","20","","","","","","","","","","",""
"6151011000","社會保險業務","24,619,487","01","農民保險業務","3000","設備及投資","","","用途別一級","2377","5.設備及投資2,377千元，係農民福利資料管理系統更新及功能擴充等。","5","true","true","","","","","","",""
"6151011000","社會保險業務","24,619,487","01","農民保險業務","3000","設備及投資","3030","資訊軟硬體設備費","用途別二級","2377","5.設備及投資2,377千元，係農民福利資料管理系統更新及功能擴充等。","5","","true","","","","","","",""
"6151011000","社會保險業務","24,619,487","01","農民保險業務","4000","獎補助費","","","用途別一級","24544479","6.獎補助費24,544,479千元。","6","true","","","","","","","",""
"6151011000","社會保險業務","24,619,487","01","農民保險業務","4000","獎補助費","4025","政府機關間之補助","用途別二級","5363","(1)補助勞動部勞工保險局及相關團體等辦理強化農民參加農民(全民)健康保險資格審查及認定作業計畫3,831千元；辦理農民健康保險被保險人資格審查及申請給付相關事宜等1,532千元；輔導農會辦理農民健康保險服務業務計畫21,881千元，合共27,244千元。","7","","true","","","","","","","true"
"6151011000","社會保險業務","24,619,487","01","農民保險業務","4000","獎補助費","4040","對國內團體之捐助","用途別二級","21881","(1)補助勞動部勞工保險局及相關團體等辦理強化農民參加農民(全民)健康保險資格審查及認定作業計畫3,831千元；辦理農民健康保險被保險人資格審查及申請給付相關事宜等1,532千元；輔導農會辦理農民健康保險服務業務計畫21,881千元，合共27,244千元。","7","","true","","","","","","",""
"6151011000","社會保險業務","24,619,487","01","農民保險業務","","","","","未歸戶說明","","(2)農民參加農民健康保險之保險費，依據農民健康保險條例第12條規定，被保險人自付30%，政府補助70%，及依據災害防救法第46條規定，災區受災之農民健康保險被保險人，災後應負擔之保險費，所需保險費2,638,695千元：<1>直轄市部分：按113年底農保被保險人數及年平均遞減率估算，中央政府負擔40%保險費計691,463千元＝276,922人×月投保金額20,400元×保險費率2.55％×中央負擔40％×12月。<2>縣(市)部分：按113年底農保被保險人數及年平均遞減率估算，中央政府負擔60%保險費計1,947,232千元＝519,894人×月投保金額20,400元×保險費率2.55％×中央負擔60％×12月。","","","","","","","","true","",""
"6151011000","社會保險業務","24,619,487","01","農民保險業務","","","","","未歸戶說明","","(3)農民因農民健康保險月投保金額調整所增加之保險費負擔，依行政院第3834次院會決議及農民健康保險條例施行細則第27條之1規定，由政府予以補助，所需經費746,238千元。","","","","","","","","true","",""
"6151011000","社會保險業務","24,619,487","01","農民保險業務","","","","","未歸戶說明","","又依據同法第22條規定，第3類被保險人之投保金額為28,590元，所需保險費15,455,878千元。","","","","","","","","true","",""
"6151011000","社會保險業務","24,619,487","01","農民保險業務","","","","","未歸戶說明","","(5)依據農民健康保險條例第44條規定虧損之撥補，計5,676,424千元(含辦理農民健康保險生育給付差額補助86,214千元)。","","","","","","","","true","",""
"6151011000","社會保險業務","24,619,487","01","農民保險業務","4000","獎補助費","4055","社會保險負擔","用途別二級","24517235","","","","","","","","","","",""
"6151011000","社會保險業務","24,619,487","02","農民職業災害保險業務","","","","","分支計畫","69793","","","","","","","","","","",""
"6151011000","社會保險業務","24,619,487","02","農民職業災害保險業務","2000","業務費","","","用途別一級","3954","2.業務費3,954千元，係辦理農民職業災害保險業務所需行政費用(其中委託辦理農民職業災害保險制度精進計畫3,454千元)。","2","true","true","","","","","","",""
"6151011000","社會保險業務","24,619,487","02","農民職業災害保險業務","2000","業務費","2006","水電費","用途別二級","100","","","","","","","","","","",""
"6151011000","社會保險業務","24,619,487","02","農民職業災害保險業務","2000","業務費","2009","通訊費","用途別二級","20","","","","","","","","","","",""
"6151011000","社會保險業務","24,619,487","02","農民職業災害保險業務","2000","業務費","2039","委辦費","用途別二級","3454","2.業務費3,954千元，係辦理農民職業災害保險業務所需行政費用(其中委託辦理農民職業災害保險制度精進計畫3,454千元)。","2","","true","","","","","","",""
"6151011000","社會保險業務","24,619,487","02","農民職業災害保險業務","2000","業務費","2051","物品","用途別二級","70","","","","","","","","","","",""
"6151011000","社會保險業務","24,619,487","02","農民職業災害保險業務","2000","業務費","2054","一般事務費","用途別二級","160","","","","","","","","","","",""
"6151011000","社會保險業務","24,619,487","02","農民職業災害保險業務","2000","業務費","2072","國內旅費","用途別二級","150","","","","","","","","","","",""
"6151011000","社會保險業務","24,619,487","02","農民職業災害保險業務","3000","設備及投資","","","用途別一級","5000","3.設備及投資5,000千元，係辦理農民職業災害保險管理系統功能擴充等。","3","true","true","","","","","","",""
"6151011000","社會保險業務","24,619,487","02","農民職業災害保險業務","3000","設備及投資","3030","資訊軟硬體設備費","用途別二級","5000","3.設備及投資5,000千元，係辦理農民職業災害保險管理系統功能擴充等。","3","","true","","","","","","",""
"6151011000","社會保險業務","24,619,487","02","農民職業災害保險業務","4000","獎補助費","","","用途別一級","60839","4.獎補助費60,839千元。","4","true","","","","","","","",""
"6151011000","社會保險業務","24,619,487","02","農民職業災害保險業務","4000","獎補助費","4025","政府機關間之補助","用途別二級","188","(1)補助勞動部勞工保險局及相關團體等辦理農民職業災害保險被保險人資格審查及申請給付相關事宜等188千元；輔導農會辦理農民職業災害保險服務業務計畫7,715千元，合共7,903千元。","5","","true","","","","","","",""
"6151011000","社會保險業務","24,619,487","02","農民職業災害保險業務","4000","獎補助費","4040","對國內團體之捐助","用途別二級","7715","(1)補助勞動部勞工保險局及相關團體等辦理農民職業災害保險被保險人資格審查及申請給付相關事宜等188千元；輔導農會辦理農民職業災害保險服務業務計畫7,715千元，合共7,903千元。","5","","true","","","","","","",""
"6151011000","社會保險業務","24,619,487","02","農民職業災害保險業務","4000","獎補助費","4055","社會保險負擔","用途別二級","52649","(2)依據農民健康保險條例第44條之1規定，農民參加農民職業災害保險之保險費，被保險人自付60%，政府補助40%，所需保險費48,712千元：<1>直轄市部分：中央政府負擔20%保險費計11,399千元=納保人數118,740人x中央負擔20%(即每人每月8元)x12個月。<2>縣(市)部分：中央政府負擔30%保險費計37,313千元=納保人數259,118人x中央負擔30%(即每人每月12元)x12個月。(3)農民因農民職業災害保險月投保金額調整所增加之保險費負擔，依立法院第10屆第6會期第15次會議修正農民健康保險條例部分條文，通過附帶決議略以，農民職業災害保險月投保金額，配合農民健康保險月投保金額提高為20,400元將連動調整，短期內(前3年)被保險人增加之保費應由中央給予協助。按保險費率0.19%、被保險人負擔60%計算，被保險人每人每月應繳保費之增加額度為8元(由15元提高至23元)，所需補助經費3,937千元。","","","","false","","","true","","",""
"6151011000","社會保險業務","24,619,487","02","農民職業災害保險業務","4000","獎補助費","4090","其他補助及捐助","用途別二級","287","(4)補助本部公告認可醫療機構，且具有職業醫學專科醫師，辦理農民職業災害保險職業病診斷評估287千元。","9","","","","","","","","",""
"6151011000","社會保險業務","24,619,487","03","農民保險及職業災害保險監理業務","","","","","分支計畫","1500","","","","","","","","","","",""
"6151011000","社會保險業務","24,619,487","03","農民保險及職業災害保險監理業務","2000","業務費","","","用途別一級","1500","2.業務費1,500千元。","2","true","true","","","","","","",""
"6151011000","社會保險業務","24,619,487","03","農民保險及職業災害保險監理業務","2000","業務費","2030","兼職費","用途別二級","1100","(1)農民保險及職業災害保險監理委員會外聘委員26人兼職費1,100千元。","3","true","","","","","","","",""
"6151011000","社會保險業務","24,619,487","03","農民保險及職業災害保險監理業務","2000","業務費","2036","按日按件計資酬金","用途別二級","120","(2)農民保險及職業災害保險監理委員會聘任兼任醫師按件審查費120千元。","4","","","","","","","","",""
"6151011000","社會保險業務","24,619,487","03","農民保險及職業災害保險監理業務","2000","業務費","2051","物品","用途別二級","20","","","","","","","","","","",""
"6151011000","社會保險業務","24,619,487","03","農民保險及職業災害保險監理業務","2000","業務費","2054","一般事務費","用途別二級","40","","","","","","","","","","",""
"6151011000","社會保險業務","24,619,487","03","農民保險及職業災害保險監理業務","2000","業務費","2072","國內旅費","用途別二級","170","","","","","","","","","","",""
"6151011000","社會保險業務","24,619,487","03","農民保險及職業災害保險監理業務","2000","業務費","2081","運費","用途別二級","50","","","","","","","","","","",""
"6351012400","農民福利業務","46,749,946","01","老年農民福利津貼業務","","","","","分支計畫","43555751","","","","","","","","","","",""
"6351012400","農民福利業務","46,749,946","01","老年農民福利津貼業務","2000","業務費","","","用途別一級","34860","3.業務費34,860千元：係委託勞動部勞工保險局辦理老年農民福利津貼申領與核發業務26,207千元、數位轉型及永續發展等計畫8,653千元。","3","true","true","","","","","","",""
"6351012400","農民福利業務","46,749,946","01","老年農民福利津貼業務","2000","業務費","2039","委辦費","用途別二級","34860","3.業務費34,860千元：係委託勞動部勞工保險局辦理老年農民福利津貼申領與核發業務26,207千元、數位轉型及永續發展等計畫8,653千元。","3","","true","","","","","","",""
"6351012400","農民福利業務","46,749,946","01","老年農民福利津貼業務","4000","獎補助費","","","用途別一級","43520891","4.獎補助費43,520,891千元，係依據老年農民福利津貼暫行條例規定，估算中央政府應負擔之老年農民福利津貼所需經費。","4","true","true","","","","","","",""
"6351012400","農民福利業務","46,749,946","01","老年農民福利津貼業務","4000","獎補助費","4065","社會福利津貼及濟助","用途別二級","43520891","4.獎補助費43,520,891千元，係依據老年農民福利津貼暫行條例規定，估算中央政府應負擔之老年農民福利津貼所需經費。","4","","true","","","","","","",""
"6351012400","農民福利業務","46,749,946","02","老年農民喪葬慰問金業務","","","","","分支計畫","144705","","","","","","","","","","",""
"6351012400","農民福利業務","46,749,946","02","老年農民喪葬慰問金業務","2000","業務費","","","用途別一級","273","2.業務費273千元，係辦理老年農民喪葬慰問金核發作業管理系統維護。","2","true","true","","","","","","",""
"6351012400","農民福利業務","46,749,946","02","老年農民喪葬慰問金業務","2000","業務費","2018","資訊服務費","用途別二級","273","2.業務費273千元，係辦理老年農民喪葬慰問金核發作業管理系統維護。","2","","true","","","","","","",""
"6351012400","農民福利業務","46,749,946","02","老年農民喪葬慰問金業務","4000","獎補助費","","","用途別一級","144432","3.獎補助費144,432千元，係發放老年農民喪葬慰問金所需經費(發放件數1,416件×每件102,000元)。","3","true","true","","","","","","",""
"6351012400","農民福利業務","46,749,946","02","老年農民喪葬慰問金業務","4000","獎補助費","4065","社會福利津貼及濟助","用途別二級","144432","3.獎補助費144,432千元，係發放老年農民喪葬慰問金所需經費(發放件數1,416件×每件102,000元)。","3","","true","","","","","","",""
"6351012400","農民福利業務","46,749,946","03","農民退休儲金業務","","","","","分支計畫","3048750","","","","","","","","","","",""
"6351012400","農民福利業務","46,749,946","03","農民退休儲金業務","2000","業務費","","","用途別一級","6367","2.業務費6,367千元。","2","true","","","","","","","",""
"6351012400","農民福利業務","46,749,946","03","農民退休儲金業務","2000","業務費","2009","通訊費","用途別二級","250","(1)辦理農民退休儲金相關業務等所需行政費用4,017千元。","","","true","","","","true","","",""
"6351012400","農民福利業務","46,749,946","03","農民退休儲金業務","2000","業務費","2018","資訊服務費","用途別二級","2250","(1)辦理農民退休儲金相關業務等所需行政費用4,017千元。","","","true","","","","true","","",""
"6351012400","農民福利業務","46,749,946","03","農民退休儲金業務","2000","業務費","2021","其他業務租金","用途別二級","240","(1)辦理農民退休儲金相關業務等所需行政費用4,017千元。","","","true","","","","true","","",""
"6351012400","農民福利業務","46,749,946","03","農民退休儲金業務","2000","業務費","2036","按日按件計資酬金","用途別二級","100","(2)政策研究、法規檢討等會議出席費100千元。","4","","","","","","","","",""
"6351012400","農民福利業務","46,749,946","03","農民退休儲金業務","2000","業務費","2051","物品","用途別二級","500","(3)農民退休儲金系統功能調整等所需經費2,250千元。","","","true","","","","true","","",""
"6351012400","農民福利業務","46,749,946","03","農民退休儲金業務","2000","業務費","2054","一般事務費","用途別二級","2177","(3)農民退休儲金系統功能調整等所需經費2,250千元。","","","true","","","","true","","",""
"6351012400","農民福利業務","46,749,946","03","農民退休儲金業務","2000","業務費","2072","國內旅費","用途別二級","850","(3)農民退休儲金系統功能調整等所需經費2,250千元。","","","true","","","","true","","",""
"6351012400","農民福利業務","46,749,946","03","農民退休儲金業務","3000","設備及投資","","","用途別一級","2250","3.設備及投資2,250千元，係農民退休儲金系統更新及功能擴充等。","6","true","","","","","","","",""
"6351012400","農民福利業務","46,749,946","03","農民退休儲金業務","3000","設備及投資","3030","資訊軟硬體設備費","用途別二級","2250","","","","","","","","","","",""
"6351012400","農民福利業務","46,749,946","03","農民退休儲金業務","4000","獎補助費","","","用途別一級","3040133","4.獎補助費3,040,133千元。","7","true","","","","","","","",""
"6351012400","農民福利業務","46,749,946","03","農民退休儲金業務","4000","獎補助費","4040","對國內團體之捐助","用途別二級","1373","(1)輔導農會辦理農民退休儲金服務業務計畫1,373千元。","8","","","","","","","","",""
"6351012400","農民福利業務","46,749,946","03","農民退休儲金業務","4000","獎補助費","4065","社會福利津貼及濟助","用途別二級","3038760","(2)依據農民退休儲金條例第7條規定，農民退休儲金提繳金額依勞動部公告之勞工每月基本工資乘以提繳比率計算，提繳比率由農民於10%範圍內決定，政府依農民提繳之農民退休儲金，按月提繳相同金額，所需經費為3,038,760千元。","9","","","","","","","","",""
"6351012400","農民福利業務","46,749,946","04","農民退休儲金監理業務","","","","","分支計畫","740","","","","","","","","","","",""
"6351012400","農民福利業務","46,749,946","04","農民退休儲金監理業務","2000","業務費","","","用途別一級","740","2.業務費740千元。","2","true","true","","","","","","",""
"6351012400","農民福利業務","46,749,946","04","農民退休儲金監理業務","2000","業務費","2030","兼職費","用途別二級","540","(1)農民退休儲金監理會外聘委員15人兼職費540千元。","3","true","","","","","","","",""
"6351012400","農民福利業務","46,749,946","04","農民退休儲金監理業務","2000","業務費","2054","一般事務費","用途別二級","50","","","","","","","","","","",""
"6351012400","農民福利業務","46,749,946","04","農民退休儲金監理業務","2000","業務費","2072","國內旅費","用途別二級","150","","","","","","","","","","",""