planCode,planName,planBudget,branchCode,branchName,l1Code,l1Name,l2Code,l2Name,level,amount,desc,descIdx,descShared,nameMatched,inheritedSub
"5229011800","交通科技研究發展","17,400","01","交通科技規劃與管理計畫","","","","","分支計畫","8900","","","","",""
"5229011800","交通科技研究發展","17,400","01","交通科技規劃與管理計畫","2000","業務費","","","用途別一級","8900","","","","",""
"5229011800","交通科技研究發展","17,400","01","交通科技規劃與管理計畫","2000","業務費","2036","按日按件計資酬金","用途別二級","400","2.本年度編列業務費8,900千元：(1)按日按件計資酬金400千元：外聘專家學者之出席費及審查費等。","2","true","",""
"5229011800","交通科技研究發展","17,400","01","交通科技規劃與管理計畫","2000","業務費","2039","委辦費","用途別二級","8500","(2)委辦費8,500千元：因應AI業務發展，蒐集國際交通領域AI應用案例，作為規劃未來AI應用參考，彙整國際AI法制發展動態，進行交通科技管理及AI法制相關研究、研討會及顧問諮詢等。","3","","true",""
"5229011800","交通科技研究發展","17,400","02","交通領域工業控制系統資安整備計畫","","","","","分支計畫","8500","","","","",""
"5229011800","交通科技研究發展","17,400","02","交通領域工業控制系統資安整備計畫","2000","業務費","","","用途別一級","7250","2.本年度編列預算8,500千元，辦理工作項目如下：(1)業務費-資訊服務費7,250千元：擴充交通領域資安情資、進行T-ISAC、T-CERT、T-SOC系統操作管理及實施稽核與演練、辦理職能課程及評量等資通安全經費7,250千元。","2","true","",""
"5229011800","交通科技研究發展","17,400","02","交通領域工業控制系統資安整備計畫","2000","業務費","2018","資訊服務費","用途別二級","7250","2.本年度編列預算8,500千元，辦理工作項目如下：(1)業務費-資訊服務費7,250千元：擴充交通領域資安情資、進行T-ISAC、T-CERT、T-SOC系統操作管理及實施稽核與演練、辦理職能課程及評量等資通安全經費7,250千元。","2","true","",""
"5229011800","交通科技研究發展","17,400","02","交通領域工業控制系統資安整備計畫","3000","設備及投資","","","用途別一級","1250","(2)設備及投資-資訊軟硬體設備費1,250千元：辦理T-ISAC、T-CERT、T-SOC功能擴充等資通安全經費1,250千元。","3","true","",""
"5229011800","交通科技研究發展","17,400","02","交通領域工業控制系統資安整備計畫","3000","設備及投資","3030","資訊軟硬體設備費","用途別二級","1250","(2)設備及投資-資訊軟硬體設備費1,250千元：辦理T-ISAC、T-CERT、T-SOC功能擴充等資通安全經費1,250千元。","3","true","",""
"5829010100","一般行政","930,059","01","人員維持","","","","","分支計畫","680168","","","","",""
"5829010100","一般行政","930,059","01","人員維持","1000","人事費","","","用途別一級","680168","職員449人、駐警2人、聘用人員27人、約僱人員14人、技工3人、駕駛4人及工友1人，合計500人之有關人事費，計編列680,168千元。","0","true","true",""
"5829010100","一般行政","930,059","01","人員維持","1000","人事費","1010","政務人員待遇","用途別二級","7409","1.政務人員待遇7,409千元：政務人員3人年需經費。","2","","true",""
"5829010100","一般行政","930,059","01","人員維持","1000","人事費","1015","法定編制人員待遇","用途別二級","401130","2.法定編制人員待遇401,130千元：編制內職員、派用人員及駐警年需經費。","3","","true",""
"5829010100","一般行政","930,059","01","人員維持","1000","人事費","1020","約聘僱人員待遇","用途別二級","29532","3.約聘僱人員待遇29,532千元：約聘僱人員年需經費。","4","","true",""
"5829010100","一般行政","930,059","01","人員維持","1000","人事費","1025","技工及工友待遇","用途別二級","3728","4.技工及工友待遇3,728千元：技工、工友及駕駛年需經費。","5","","true",""
"5829010100","一般行政","930,059","01","人員維持","1000","人事費","1030","獎金","用途別二級","102255","5.獎金102,255千元：(1)考績獎金45,378千元。(2)特殊功勳獎賞2,054千元。(3)年終工作獎金54,823千元：<1>職員、駐警、約聘僱人員、駕駛、技工及工友等現職人員之年終工作獎金54,623千元。<2>支領月退休金人員年終慰問金200千元。","6","","true","true"
"5829010100","一般行政","930,059","01","人員維持","1000","人事費","1035","其他給與","用途別二級","8580","6.其他給與8,580千元：休假補助。","9","","true",""
"5829010100","一般行政","930,059","01","人員維持","1000","人事費","1040","加班費","用途別二級","36980","7.加班費36,980千元：超時加班費及未休假加班費。","10","","true",""
"5829010100","一般行政","930,059","01","人員維持","1000","人事費","1045","退休退職給付","用途別二級","2448","8.退休退職給付2,448千元。","11","","true",""
"5829010100","一般行政","930,059","01","人員維持","1000","人事費","1050","退休離職儲金","用途別二級","45796","9.退休離職儲金45,796千元：(1)公(政)務人員提撥金42,995千元。(2)約聘僱人員提撥金2,331千元。(3)技工及工友提撥金470千元。","12","","true","true"
"5829010100","一般行政","930,059","01","人員維持","1000","人事費","1055","保險","用途別二級","42310","10.保險42,310千元：本部人員應由政府負擔之保險補助給付。(1)健保保險補助27,782千元。(2)公保保險補助11,353千元。(3)勞保保險補助3,175千元。","15","","true","true"
"5829010100","一般行政","930,059","02","基本行政工作維持","","","","","分支計畫","156435","","","","",""
"5829010100","一般行政","930,059","02","基本行政工作維持","2000","業務費","","","用途別一級","106757","1.業務費106,757千元：(1)教育訓練費3,161千元：派赴國外研修、薦送在職進修補助、派員參加各項訓練及研習等。","1","true","",""
"5829010100","一般行政","930,059","02","基本行政工作維持","2000","業務費","2003","教育訓練費","用途別二級","3161","1.業務費106,757千元：(1)教育訓練費3,161千元：派赴國外研修、薦送在職進修補助、派員參加各項訓練及研習等。","1","true","",""
"5829010100","一般行政","930,059","02","基本行政工作維持","2000","業務費","2006","水電費","用途別二級","17628","(2)水電費17,628千元：辦公大樓水、電費及天然氣等。","2","","true",""
"5829010100","一般行政","930,059","02","基本行政工作維持","2000","業務費","2009","通訊費","用途別二級","4620","(3)通訊費4,620千元：郵寄、一般通訊及數據通訊費等。","3","","true",""
"5829010100","一般行政","930,059","02","基本行政工作維持","2000","業務費","2021","其他業務租金","用途別二級","2918","(4)其他業務租金2,918千元：處理經常公務所需使用影印機等設備租賃費等。","4","","true",""
"5829010100","一般行政","930,059","02","基本行政工作維持","2000","業務費","2024","稅捐及規費","用途別二級","2457","(5)稅捐及規費2,457千元：牌照稅、燃料費、地價稅及房屋稅等。","5","","true",""
"5829010100","一般行政","930,059","02","基本行政工作維持","2000","業務費","2027","保險費","用途別二級","354","(6)保險費354千元：公務車輛、大樓、辦公設備及裝修設備保險等。","6","","true",""
"5829010100","一般行政","930,059","02","基本行政工作維持","2000","業務費","2030","兼職費","用途別二級","368","(7)兼職費368千元：訴願外聘委員兼職費等。","7","","true",""
"5829010100","一般行政","930,059","02","基本行政工作維持","2000","業務費","2033","約用人員酬金","用途別二級","878","(8)約用人員酬金878千元：約聘僱1人所需待遇、勞保及獎金等。","8","","true",""
"5829010100","一般行政","930,059","02","基本行政工作維持","2000","業務費","2036","按日按件計資酬金","用途別二級","1502","(9)按日按件計資酬金1,502千元：公共工程施工查核、性別平等、法規等案件外聘委員出席費、書面審查費等。","9","","true",""
"5829010100","一般行政","930,059","02","基本行政工作維持","2000","業務費","2045","國內組織會費","用途別二級","40","(10)國內組織會費40千元：參加國內各學術團體等年費。","10","","true",""
"5829010100","一般行政","930,059","02","基本行政工作維持","2000","業務費","2051","物品","用途別二級","3020","(11)物品3,020千元：消耗品、非消耗品及油料等。","11","","true",""
"5829010100","一般行政","930,059","02","基本行政工作維持","2000","業務費","2054","一般事務費","用途別二級","49562","(12)一般事務費49,562千元：<1>辦理檔案分類整理、掃描暨文書處理、公務車駕駛人力、本部經管國有土地房舍及勞保補償金收回委請律師訴訟等經費17,863千元。<2>辦公大樓機電中央監控設備管理、環境清潔及本部暨五城大樓保全等經費22,415千元。<3>員工健康檢查及文康活動費等2,655千元(含員工協助方案經費498千元)。<4>交通動員、災害防救、公共安全、消防檢查申報、國會聯絡、一般行政管理工作之開會、印刷及交通施政宣導等經費6,629千元(含媒體政策及業務宣導費106千元)。","12","","true",""
"5829010100","一般行政","930,059","02","基本行政工作維持","2000","業務費","2063","房屋建築養護費","用途別二級","2968","(13)房屋建築養護費2,968千元：辦公房屋及經管宿舍養護等。","13","","true",""
"5829010100","一般行政","930,059","02","基本行政工作維持","2000","業務費","2066","器具養護費","用途別二級","847","(14)車輛及辦公器具養護費847千元：公務車及辦公器具養護等。","14","","true",""
"5829010100","一般行政","930,059","02","基本行政工作維持","2000","業務費","2069","設施及機械設備養護費","用途別二級","10910","(15)設施及機械設備養護費10,910千元：<1>辦公大樓機電、不斷電系統、中央監控、本部暨五城大樓電梯、監視系統、高低壓供電等養護費3,437千元。<2>火警設施、火警圖形顯示控制設施偵煙器件及老舊線路更換、地下室機電熱源排散及通風裝置效能維護等養護費7,473千元。","15","","true",""
"5829010100","一般行政","930,059","02","基本行政工作維持","2000","業務費","2072","國內旅費","用途別二級","3925","(16)國內旅費3,925千元：交通動員、災害防救、重大工程督導、施工品質查核等所需旅費。","16","","true",""
"5829010100","一般行政","930,059","02","基本行政工作維持","2000","業務費","2084","短程車資","用途別二級","420","(17)短程車資420千元。","17","","true",""
"5829010100","一般行政","930,059","02","基本行政工作維持","2000","業務費","2093","特別費","用途別二級","1179","(18)特別費1,179千元：依規定標準編列之正副首長特別費。","18","","true",""
"5829010100","一般行政","930,059","02","基本行政工作維持","3000","設備及投資","","","用途別一級","48997","2.設備及投資48,997千元：(1)機械設備費48,320千元：<1>汰換空調系統冰水主機、空調機房內之冷冰水幫浦、電盤、電表及中央監控設備等39,814千元。<2>汰換不斷電系統暨電池組8,506千元。","19","true","",""
"5829010100","一般行政","930,059","02","基本行政工作維持","3000","設備及投資","3020","機械設備費","用途別二級","48320","2.設備及投資48,997千元：(1)機械設備費48,320千元：<1>汰換空調系統冰水主機、空調機房內之冷冰水幫浦、電盤、電表及中央監控設備等39,814千元。<2>汰換不斷電系統暨電池組8,506千元。","19","true","",""
"5829010100","一般行政","930,059","02","基本行政工作維持","3000","設備及投資","3035","雜項設備費","用途別二級","677","(2)雜項設備費677千元：汰購一般公務用辦公設備等經費。","20","","true",""
"5829010100","一般行政","930,059","02","基本行政工作維持","4000","獎補助費","","","用途別一級","681","3.獎補助費681千元：退休(職)人員三節慰問金及早期退休人員生活困難照護金。","21","true","true",""
"5829010100","一般行政","930,059","02","基本行政工作維持","4000","獎補助費","4085","獎勵及慰問","用途別二級","681","3.獎補助費681千元：退休(職)人員三節慰問金及早期退休人員生活困難照護金。","21","true","",""
"5829010100","一般行政","930,059","03","交通統計","","","","","分支計畫","8250","","","","",""
"5829010100","一般行政","930,059","03","交通統計","2000","業務費","","","用途別一級","8150","1.業務費8,150千元：(1)通訊費1,019千元：辦理各項統計調查所需郵電費等。","0","true","",""
"5829010100","一般行政","930,059","03","交通統計","2000","業務費","2009","通訊費","用途別二級","1019","1.業務費8,150千元：(1)通訊費1,019千元：辦理各項統計調查所需郵電費等。","0","true","",""
"5829010100","一般行政","930,059","03","交通統計","2000","業務費","2021","其他業務租金","用途別二級","697","(2)其他業務租金697千元：租用SAS軟體。","1","","true",""
"5829010100","一般行政","930,059","03","交通統計","2000","業務費","2036","按日按件計資酬金","用途別二級","30","(3)按日按件計資酬金30千元：統計業務外聘專家學者出席費等。","2","","true",""
"5829010100","一般行政","930,059","03","交通統計","2000","業務費","2051","物品","用途別二級","187","(4)物品187千元。","3","","true",""
"5829010100","一般行政","930,059","03","交通統計","2000","業務費","2054","一般事務費","用途別二級","6191","(5)一般事務費6,191千元：辦理「汽車貨運調查」、「計程車營運狀況調查」、「遊覽車營運狀況調查」、「運輸及倉儲業受僱員工薪資調查」、「旅運及倉儲業產值調查」及「國內水上及航空貨運流量及運費收入調查」等所需之訪查、講習費、資料登錄、檢誤及處理費、致贈受查單位紀念品、召開統計業務研習會及其他費用等。","4","","true",""
"5829010100","一般行政","930,059","03","交通統計","2000","業務費","2072","國內旅費","用途別二級","26","(6)國內旅費26千元。","5","","true",""
"5829010100","一般行政","930,059","03","交通統計","3000","設備及投資","","","用途別一級","100","2.設備及投資-雜項設備費100千元：購置圖書及期刊等。","6","true","",""
"5829010100","一般行政","930,059","03","交通統計","3000","設備及投資","3035","雜項設備費","用途別二級","100","2.設備及投資-雜項設備費100千元：購置圖書及期刊等。","6","true","",""
"5829010100","一般行政","930,059","04","資訊管理","","","","","分支計畫","85206","","","","",""
"5829010100","一般行政","930,059","04","資訊管理","2000","業務費","","","用途別一級","59485","1.業務費59,485千元：(1)教育訓練費308千元：本部同仁資訊及個資保護教育訓練。","0","true","",""
"5829010100","一般行政","930,059","04","資訊管理","2000","業務費","2003","教育訓練費","用途別二級","308","1.業務費59,485千元：(1)教育訓練費308千元：本部同仁資訊及個資保護教育訓練。","0","true","",""
"5829010100","一般行政","930,059","04","資訊管理","2000","業務費","2009","通訊費","用途別二級","1991","(2)通訊費1,991千元：政府骨幹網路、資料傳輸通道線路、本部及異地備援機房網路數據通訊費等。","1","","true",""
"5829010100","一般行政","930,059","04","資訊管理","2000","業務費","2018","資訊服務費","用途別二級","56748","(3)資訊服務費56,748千元(含資通安全經費11,758千元)：<1>資訊操作維護費45,853千元：電腦軟硬體維護24,917千元、推動本部符合資安驗證、ISMS資安續審及社交工程演練2,108千元、各項資訊系統維護17,848千元、公務電子憑證及機房不斷電系統維護980千元等。<2>資訊設備租金502千元：異地備援機房機櫃及線路租金。<3>軟體使用費10,393千元：資安監控服務(SOC流量監測)、資安檢測服務及防毒系統維運等4,222千元、進階持續性威脅攻擊(APT)防禦系統授權1,659千元、即時監控及資安弱點通報系統授權1,076千元、源碼檢測系統授權1,115千元、網頁資安防護及政府組態基準(GCB)等1,433千元、電子郵件授權等888千元。","2","","true",""
"5829010100","一般行政","930,059","04","資訊管理","2000","業務費","2036","按日按件計資酬金","用途別二級","110","(4)按日按件計資酬金110千元：政府資料開放諮詢小組及採購案評選委員出席費。","3","","true",""
"5829010100","一般行政","930,059","04","資訊管理","2000","業務費","2051","物品","用途別二級","258","(5)物品258千元：電腦作業所需之消耗品及非消耗品。","4","","true",""
"5829010100","一般行政","930,059","04","資訊管理","2000","業務費","2072","國內旅費","用途別二級","70","(6)國內旅費70千元。","5","","true",""
"5829010100","一般行政","930,059","04","資訊管理","3000","設備及投資","","","用途別一級","25721","2.設備及投資-資訊軟硬體設備費25,721千元：(1)資訊硬體設備汰換8,882千元(含資通安全經費3,800千元)：<1>汰換網路安全防護設備3,800千元。<2>汰換個人電腦、筆記型電腦及週邊設備3,200千元。<3>汰換虛擬平台伺服器1,882千元。","6","","",""
"5829010100","一般行政","930,059","04","資訊管理","3000","設備及投資","3030","資訊軟硬體設備費","用途別二級","25721","2.設備及投資-資訊軟硬體設備費25,721千元：(1)資訊硬體設備汰換8,882千元(含資通安全經費3,800千元)：<1>汰換網路安全防護設備3,800千元。<2>汰換個人電腦、筆記型電腦及週邊設備3,200千元。<3>汰換虛擬平台伺服器1,882千元。(2)軟體購置費4,644千元：GEA微軟作業系統及Office企業授權更新1,885千元、系統軟體授權1,286千元、虛擬主機備份軟體及法規檢索系統用授權軟體1,473千元。(3)系統開發12,195千元：交通法規系統改版、交通統計資料庫系統優化、公文簽核、檔案管理、全球資訊網、會議管理等系統功能增修所需經費。","6","","","true"
"5829010500","交通運輸規劃及產業發展","973,145","01","路政業務","","","","","分支計畫","20178","","","","",""
"5829010500","交通運輸規劃及產業發展","973,145","01","路政業務","2000","業務費","","","用途別一級","20178","業務費20,178千元：","0","true","true",""
"5829010500","交通運輸規劃及產業發展","973,145","01","路政業務","2000","業務費","2036","按日按件計資酬金","用途別二級","590","1.按日按件計資酬金590千元：辦理鐵道與公路相關計畫審議、履勘、考核及法規研修等會議外聘專家學者出席費。","1","","true",""
"5829010500","交通運輸規劃及產業發展","973,145","01","路政業務","2000","業務費","2039","委辦費","用途別二級","16800","2.委辦費16,800千元：(1)委託財團法人車輛安全審驗中心代辦「車輛安全法規技術諮詢與管理資訊服務中心」之國際法規調和與研擬、維護及運作業務暨幼童專用車安全性升級規劃15,200千元。(2)籌辦金路獎頒獎典禮900千元。(3)委託辦理車輛型式安全審驗發證業務700千元。","2","","true","true"
"5829010500","交通運輸規劃及產業發展","973,145","01","路政業務","2000","業務費","2051","物品","用途別二級","100","3.物品100千元。","5","","true",""
"5829010500","交通運輸規劃及產業發展","973,145","01","路政業務","2000","業務費","2054","一般事務費","用途別二級","670","4.一般事務費670千元。","6","","true",""
"5829010500","交通運輸規劃及產業發展","973,145","01","路政業務","2000","業務費","2072","國內旅費","用途別二級","1250","5.國內旅費1,250千元。","7","","true",""
"5829010500","交通運輸規劃及產業發展","973,145","01","路政業務","2000","業務費","2078","國外旅費","用途別二級","768","6.國外旅費768千元：出席WTO、APEC等國際組織車輛安全調和工作會議、軌道建設國際會議等所需旅費。","8","","true",""
"5829010500","交通運輸規劃及產業發展","973,145","02","道路交通安全","","","","","分支計畫","384294","","","","",""
"5829010500","交通運輸規劃及產業發展","973,145","02","道路交通安全","2000","業務費","","","用途別一級","136909","2.本年度編列預算384,294千元，辦理工作項目如下：(1)業務費136,909千元：<1>資訊服務費8,100千元：辦理道安資訊查詢網更新維護費暨道安事故統計數據介接作業經費。<2>其他業務租金120千元：影印機租金等。<3>按日按件計資酬金2,300千元：中央道安會報、道安考評及專案視導等會議外聘專家學者出席費等。<4>物品100千元。<5>一般事務費125,267千元：#1.因應交通法令修正辦理深化民眾交通安全法規知識媒體政策及業務宣導費36,500千元。","1","true","",""
"5829010500","交通運輸規劃及產業發展","973,145","02","道路交通安全","2000","業務費","2018","資訊服務費","用途別二級","8100","2.本年度編列預算384,294千元，辦理工作項目如下：(1)業務費136,909千元：<1>資訊服務費8,100千元：辦理道安資訊查詢網更新維護費暨道安事故統計數據介接作業經費。<2>其他業務租金120千元：影印機租金等。<3>按日按件計資酬金2,300千元：中央道安會報、道安考評及專案視導等會議外聘專家學者出席費等。<4>物品100千元。<5>一般事務費125,267千元：#1.因應交通法令修正辦理深化民眾交通安全法規知識媒體政策及業務宣導費36,500千元。","1","true","",""
"5829010500","交通運輸規劃及產業發展","973,145","02","道路交通安全","2000","業務費","2021","其他業務租金","用途別二級","120","2.本年度編列預算384,294千元，辦理工作項目如下：(1)業務費136,909千元：<1>資訊服務費8,100千元：辦理道安資訊查詢網更新維護費暨道安事故統計數據介接作業經費。<2>其他業務租金120千元：影印機租金等。<3>按日按件計資酬金2,300千元：中央道安會報、道安考評及專案視導等會議外聘專家學者出席費等。<4>物品100千元。<5>一般事務費125,267千元：#1.因應交通法令修正辦理深化民眾交通安全法規知識媒體政策及業務宣導費36,500千元。","1","true","",""
"5829010500","交通運輸規劃及產業發展","973,145","02","道路交通安全","2000","業務費","2036","按日按件計資酬金","用途別二級","2300","2.本年度編列預算384,294千元，辦理工作項目如下：(1)業務費136,909千元：<1>資訊服務費8,100千元：辦理道安資訊查詢網更新維護費暨道安事故統計數據介接作業經費。<2>其他業務租金120千元：影印機租金等。<3>按日按件計資酬金2,300千元：中央道安會報、道安考評及專案視導等會議外聘專家學者出席費等。<4>物品100千元。<5>一般事務費125,267千元：#1.因應交通法令修正辦理深化民眾交通安全法規知識媒體政策及業務宣導費36,500千元。","1","true","",""
"5829010500","交通運輸規劃及產業發展","973,145","02","道路交通安全","2000","業務費","2051","物品","用途別二級","100","2.本年度編列預算384,294千元，辦理工作項目如下：(1)業務費136,909千元：<1>資訊服務費8,100千元：辦理道安資訊查詢網更新維護費暨道安事故統計數據介接作業經費。<2>其他業務租金120千元：影印機租金等。<3>按日按件計資酬金2,300千元：中央道安會報、道安考評及專案視導等會議外聘專家學者出席費等。<4>物品100千元。<5>一般事務費125,267千元：#1.因應交通法令修正辦理深化民眾交通安全法規知識媒體政策及業務宣導費36,500千元。","1","true","true",""
"5829010500","交通運輸規劃及產業發展","973,145","02","道路交通安全","2000","業務費","2054","一般事務費","用途別二級","125267","2.本年度編列預算384,294千元，辦理工作項目如下：(1)業務費136,909千元：<1>資訊服務費8,100千元：辦理道安資訊查詢網更新維護費暨道安事故統計數據介接作業經費。<2>其他業務租金120千元：影印機租金等。<3>按日按件計資酬金2,300千元：中央道安會報、道安考評及專案視導等會議外聘專家學者出席費等。<4>物品100千元。<5>一般事務費125,267千元：#1.因應交通法令修正辦理深化民眾交通安全法規知識媒體政策及業務宣導費36,500千元。#2.強化機車駕駛人風險意識辦理主題性專案媒體政策及業務宣導費10,000千元。#3.形塑停讓文化以落實車輛停讓行人及行人正確用路觀念媒體政策及業務宣導費15,000千元。#4.推展其他用路族群(兒少、高齡等)交通安全辦理專案媒體政策及業務宣導費14,500千元。#5.交通安全入口網站維運及社群行銷7,000千元。(含媒體政策及業務宣導費2,500千元)。#6.路老師高齡交通安全教育及精進兒少交通安全意識教育教材16,385千元。","1","","","true"
"5829010500","交通運輸規劃及產業發展","973,145","02","道路交通安全","2000","業務費","2072","國內旅費","用途別二級","900","#7.辦理道路交通安全觀測指標與主題性專案調查，及春節與連續假期期間慰勞相關交通管理、執法與路況報導人員之加菜金，以及中央道安會報各項會議準備工作等費用25,882千元。<6>國內旅費900千元：道安考評及相關會議等所需出差旅費。<7>國外旅費122千元：參加國際道路安全會議等所需旅費。","8","true","",""
"5829010500","交通運輸規劃及產業發展","973,145","02","道路交通安全","2000","業務費","2078","國外旅費","用途別二級","122","#7.辦理道路交通安全觀測指標與主題性專案調查，及春節與連續假期期間慰勞相關交通管理、執法與路況報導人員之加菜金，以及中央道安會報各項會議準備工作等費用25,882千元。<6>國內旅費900千元：道安考評及相關會議等所需出差旅費。<7>國外旅費122千元：參加國際道路安全會議等所需旅費。","8","true","",""
"5829010500","交通運輸規劃及產業發展","973,145","02","道路交通安全","3000","設備及投資","","","用途別一級","4300","(2)設備及投資-資訊軟硬體設備費及雜項設備費4,300千元：<1>建置路老師培訓網。<2>持續開發事故分析功能及升級作業系統。<3>因應道安資訊查詢網大量查詢分析需求，擴充硬體設備。<4>汰購一般辦公設備等。","9","","true",""
"5829010500","交通運輸規劃及產業發展","973,145","02","道路交通安全","3000","設備及投資","3030","資訊軟硬體設備費","用途別二級","4200","","","","",""
"5829010500","交通運輸規劃及產業發展","973,145","02","道路交通安全","3000","設備及投資","3035","雜項設備費","用途別二級","100","","","","",""
"5829010500","交通運輸規劃及產業發展","973,145","02","道路交通安全","4000","獎補助費","","","用途別一級","243085","(3)獎補助費243,085千元，補助直轄市、縣市政府及中央政府機關辦理工作如下：<1>形塑優質交安文化：#1.推動各縣市主題性專案交通安全文化。","10","","true",""
"5829010500","交通運輸規劃及產業發展","973,145","02","道路交通安全","4000","獎補助費","4005","對直轄市政府之補助","用途別二級","53900","","","","",""
"5829010500","交通運輸規劃及產業發展","973,145","02","道路交通安全","4000","獎補助費","4010","對各縣市政府之補助","用途別二級","111450","","","","",""
"5829010500","交通運輸規劃及產業發展","973,145","02","道路交通安全","4000","獎補助費","4025","政府機關間之補助","用途別二級","77735","","","","",""
"5829010500","交通運輸規劃及產業發展","973,145","03","汽車燃料使用費經徵管理","","","","","分支計畫","12914","","","","",""
"5829010500","交通運輸規劃及產業發展","973,145","03","汽車燃料使用費經徵管理","2000","業務費","","","用途別一級","12773","1.業務費12,773千元：(1)其他業務租金278千元：影印機租金等。","0","true","",""
"5829010500","交通運輸規劃及產業發展","973,145","03","汽車燃料使用費經徵管理","2000","業務費","2021","其他業務租金","用途別二級","278","1.業務費12,773千元：(1)其他業務租金278千元：影印機租金等。","0","true","",""
"5829010500","交通運輸規劃及產業發展","973,145","03","汽車燃料使用費經徵管理","2000","業務費","2036","按日按件計資酬金","用途別二級","100","(2)按日按件計資酬金100千元：公路運輸與監理政策規劃及法規研修等會議外聘專家學者出席費。","1","","true",""
"5829010500","交通運輸規劃及產業發展","973,145","03","汽車燃料使用費經徵管理","2000","業務費","2039","委辦費","用途別二級","3800","(3)委辦費3,800千元：<1>辦理因應國內電動汽機車發展通盤檢討現行汽車燃料費徵收制度委託研究計畫3,000千元。<2>委託辦理公路監理作業及徵調公路監理機關辦理汽燃費經徵業務、裁罰業務人員及公民營汽車駕訓班專業從業人員研習會等800千元。","2","","true",""
"5829010500","交通運輸規劃及產業發展","973,145","03","汽車燃料使用費經徵管理","2000","業務費","2051","物品","用途別二級","560","(4)物品560千元。","3","","true",""
"5829010500","交通運輸規劃及產業發展","973,145","03","汽車燃料使用費經徵管理","2000","業務費","2054","一般事務費","用途別二級","7955","(5)一般事務費7,955千元：辦理經徵管理業務所需督導考核、公路監理政策規劃及經徵資料管理等費用。","4","","true",""
"5829010500","交通運輸規劃及產業發展","973,145","03","汽車燃料使用費經徵管理","2000","業務費","2072","國內旅費","用途別二級","80","(6)國內旅費80千元。","5","","true",""
"5829010500","交通運輸規劃及產業發展","973,145","03","汽車燃料使用費經徵管理","3000","設備及投資","","","用途別一級","141","2.設備及投資141千元：汰換及購置相關電腦設備等。","6","true","true",""
"5829010500","交通運輸規劃及產業發展","973,145","03","汽車燃料使用費經徵管理","3000","設備及投資","3030","資訊軟硬體設備費","用途別二級","141","2.設備及投資141千元：汰換及購置相關電腦設備等。","6","true","",""
"5829010500","交通運輸規劃及產業發展","973,145","04","臺灣新車安全評等精進計畫","","","","","分支計畫","255480","","","","",""
"5829010500","交通運輸規劃及產業發展","973,145","04","臺灣新車安全評等精進計畫","2000","業務費","","","用途別一級","255480","","","","",""
"5829010500","交通運輸規劃及產業發展","973,145","04","臺灣新車安全評等精進計畫","2000","業務費","2039","委辦費","用途別二級","255480","","","","",""
"5829010500","交通運輸規劃及產業發展","973,145","05","航政業務","","","","","分支計畫","14919","","","","",""
"5829010500","交通運輸規劃及產業發展","973,145","05","航政業務","2000","業務費","","","用途別一級","14894","1.業務費14,894千元：(1)教育訓練費120千元：參加及辦理空運、海運安全管理、智慧物流等業務相關訓練及研習。","0","true","",""
"5829010500","交通運輸規劃及產業發展","973,145","05","航政業務","2000","業務費","2003","教育訓練費","用途別二級","120","1.業務費14,894千元：(1)教育訓練費120千元：參加及辦理空運、海運安全管理、智慧物流等業務相關訓練及研習。","0","true","",""
"5829010500","交通運輸規劃及產業發展","973,145","05","航政業務","2000","業務費","2036","按日按件計資酬金","用途別二級","179","(2)按日按件計資酬金179千元：辦理航政相關業務會議外聘專家學者出席費等。","1","","true",""
"5829010500","交通運輸規劃及產業發展","973,145","05","航政業務","2000","業務費","2039","委辦費","用途別二級","12274","(3)委辦費12,274千元：委託辦理國際航線船舶之檢驗及發證業務。","2","","true",""
"5829010500","交通運輸規劃及產業發展","973,145","05","航政業務","2000","業務費","2045","國內組織會費","用途別二級","15","(4)國內組織會費15千元：參加國內學術團體年費。","3","","true",""
"5829010500","交通運輸規劃及產業發展","973,145","05","航政業務","2000","業務費","2051","物品","用途別二級","283","(5)物品283千元。","4","","true",""
"5829010500","交通運輸規劃及產業發展","973,145","05","航政業務","2000","業務費","2054","一般事務費","用途別二級","843","(6)一般事務費843千元：辦理海空難搜救演練、災害防救、觀摩講習訓練及其他行政雜支等。","5","","true",""
"5829010500","交通運輸規劃及產業發展","973,145","05","航政業務","2000","業務費","2072","國內旅費","用途別二級","568","(7)國內旅費568千元。","6","","true",""
"5829010500","交通運輸規劃及產業發展","973,145","05","航政業務","2000","業務費","2075","大陸地區旅費","用途別二級","250","(8)大陸地區旅費250千元。","7","","true",""
"5829010500","交通運輸規劃及產業發展","973,145","05","航政業務","2000","業務費","2078","國外旅費","用途別二級","362","(9)國外旅費362千元：考察國際標竿機場與國際郵輪碼頭發展趨勢及洽商航權等所需旅費。","8","","true",""
"5829010500","交通運輸規劃及產業發展","973,145","05","航政業務","3000","設備及投資","","","用途別一級","25","2.設備及投資25千元：汰換及購置一般辦公設備等。","9","true","true",""
"5829010500","交通運輸規劃及產業發展","973,145","05","航政業務","3000","設備及投資","3035","雜項設備費","用途別二級","25","2.設備及投資25千元：汰換及購置一般辦公設備等。","9","true","",""
"5829010500","交通運輸規劃及產業發展","973,145","06","交通產業發展","","","","","分支計畫","3860","","","","",""
"5829010500","交通運輸規劃及產業發展","973,145","06","交通產業發展","2000","業務費","","","用途別一級","3860","業務費3,860千元：","0","true","true",""
"5829010500","交通運輸規劃及產業發展","973,145","06","交通產業發展","2000","業務費","2003","教育訓練費","用途別二級","67","1.教育訓練費67千元：辦理促進民間參與投資招商會議講習、環境教育訓練等。","1","","true",""
"5829010500","交通運輸規劃及產業發展","973,145","06","交通產業發展","2000","業務費","2036","按日按件計資酬金","用途別二級","620","2.按日按件計資酬金620千元：各項國際事務翻譯文件及口譯費用、交通產業研討會外聘委員出席費等。","2","","true",""
"5829010500","交通運輸規劃及產業發展","973,145","06","交通產業發展","2000","業務費","2045","國內組織會費","用途別二級","25","3.國內組織會費25千元：參加國內各學術團體及運輸學(協)會等年費。","3","","true",""
"5829010500","交通運輸規劃及產業發展","973,145","06","交通產業發展","2000","業務費","2051","物品","用途別二級","153","4.物品153千元。","4","","true",""
"5829010500","交通運輸規劃及產業發展","973,145","06","交通產業發展","2000","業務費","2054","一般事務費","用途別二級","1244","5.一般事務費1,244千元：(1)推展民間參與交通建設及辦理交通運輸產業發展相關議題研討等。(2)辦理郵政業務聯繫監理訴訟及交通領域環境保護督導等。","5","","true","true"
"5829010500","交通運輸規劃及產業發展","973,145","06","交通產業發展","2000","業務費","2072","國內旅費","用途別二級","130","6.國內旅費130千元。","7","","true",""
"5829010500","交通運輸規劃及產業發展","973,145","06","交通產業發展","2000","業務費","2075","大陸地區旅費","用途別二級","112","7.大陸地區旅費112千元。","8","","true",""
"5829010500","交通運輸規劃及產業發展","973,145","06","交通產業發展","2000","業務費","2078","國外旅費","用途別二級","1509","8.國外旅費1,509千元：出席交通產業發展相關國際會議及參與交通運輸科技相關國際研討會等所需旅費。","9","","true",""
"5829010500","交通運輸規劃及產業發展","973,145","07","智慧運輸系統發展建設計畫","","","","","分支計畫","281500","","","","",""
"5829010500","交通運輸規劃及產業發展","973,145","07","智慧運輸系統發展建設計畫","2000","業務費","","","用途別一級","241500","3.本年度編列預算281,500千元，辦理工作項目如下：(1)業務費241,500千元：<1>資訊服務費40,000千元：辦理TDX運輸資料平臺維運，推動智慧交通數據標準化及跨運具資料開放共享，推廣各界結合發展加值應用並活絡產業發展，支援交通數位治理及政策分析及機房網路租賃(含資通安全經費6,833千元)。<2>按日按件計資酬金500千元：外聘專家學者出席費等。<3>委辦費201,000千元：進行新興科技應用及相關驗證導入各類型交通專屬場域，辦理平權和諧交通共善、綠色運輸移動服務、智慧路網服務精進、車路聯網技術整備及數據驅動韌性管理等行動方案項下工作項目如下(含媒體政策及業務宣導費500千元)：#1.透過科技輔助達到人車路平權和諧交通共善環境相關計畫24,120千元。","3","true","",""
"5829010500","交通運輸規劃及產業發展","973,145","07","智慧運輸系統發展建設計畫","2000","業務費","2018","資訊服務費","用途別二級","40000","3.本年度編列預算281,500千元，辦理工作項目如下：(1)業務費241,500千元：<1>資訊服務費40,000千元：辦理TDX運輸資料平臺維運，推動智慧交通數據標準化及跨運具資料開放共享，推廣各界結合發展加值應用並活絡產業發展，支援交通數位治理及政策分析及機房網路租賃(含資通安全經費6,833千元)。<2>按日按件計資酬金500千元：外聘專家學者出席費等。<3>委辦費201,000千元：進行新興科技應用及相關驗證導入各類型交通專屬場域，辦理平權和諧交通共善、綠色運輸移動服務、智慧路網服務精進、車路聯網技術整備及數據驅動韌性管理等行動方案項下工作項目如下(含媒體政策及業務宣導費500千元)：#1.透過科技輔助達到人車路平權和諧交通共善環境相關計畫24,120千元。","3","true","true",""
"5829010500","交通運輸規劃及產業發展","973,145","07","智慧運輸系統發展建設計畫","2000","業務費","2036","按日按件計資酬金","用途別二級","500","3.本年度編列預算281,500千元，辦理工作項目如下：(1)業務費241,500千元：<1>資訊服務費40,000千元：辦理TDX運輸資料平臺維運，推動智慧交通數據標準化及跨運具資料開放共享，推廣各界結合發展加值應用並活絡產業發展，支援交通數位治理及政策分析及機房網路租賃(含資通安全經費6,833千元)。<2>按日按件計資酬金500千元：外聘專家學者出席費等。<3>委辦費201,000千元：進行新興科技應用及相關驗證導入各類型交通專屬場域，辦理平權和諧交通共善、綠色運輸移動服務、智慧路網服務精進、車路聯網技術整備及數據驅動韌性管理等行動方案項下工作項目如下(含媒體政策及業務宣導費500千元)：#1.透過科技輔助達到人車路平權和諧交通共善環境相關計畫24,120千元。","3","true","",""
"5829010500","交通運輸規劃及產業發展","973,145","07","智慧運輸系統發展建設計畫","2000","業務費","2039","委辦費","用途別二級","201000","3.本年度編列預算281,500千元，辦理工作項目如下：(1)業務費241,500千元：<1>資訊服務費40,000千元：辦理TDX運輸資料平臺維運，推動智慧交通數據標準化及跨運具資料開放共享，推廣各界結合發展加值應用並活絡產業發展，支援交通數位治理及政策分析及機房網路租賃(含資通安全經費6,833千元)。<2>按日按件計資酬金500千元：外聘專家學者出席費等。<3>委辦費201,000千元：進行新興科技應用及相關驗證導入各類型交通專屬場域，辦理平權和諧交通共善、綠色運輸移動服務、智慧路網服務精進、車路聯網技術整備及數據驅動韌性管理等行動方案項下工作項目如下(含媒體政策及業務宣導費500千元)：#1.透過科技輔助達到人車路平權和諧交通共善環境相關計畫24,120千元。#2.發展綠色交通科技並整合跨域交通服務相關計畫24,120千元。#3.拓展智慧路網服務發展及推動交通數位治理相關計畫92,162千元。#4.精進車路聯網技術服務並進行示範應用落地相關計畫32,160千元。#5.強化數據平台韌性並擴大資料服務等相關計畫28,438千元。","3","","","true"
"5829010500","交通運輸規劃及產業發展","973,145","07","智慧運輸系統發展建設計畫","3000","設備及投資","","","用途別一級","40000","","","","",""
"5829010500","交通運輸規劃及產業發展","973,145","07","智慧運輸系統發展建設計畫","3000","設備及投資","3030","資訊軟硬體設備費","用途別二級","40000","(2)設備及投資-資訊軟硬體設備費40,000千元：辦理TDX運輸資料平臺系統功能開發，汰換更新基礎軟硬體設備，強化主備機房資安防護韌性，支援智慧交通數據資料開放共享之推動。","8","","true",""
"5829018020","國營臺灣鐵路股份有限公司","26,332,605","01","臺鐵整體購置及汰換車輛計畫","","","","","分支計畫","7141000","","","","",""
"5829018020","國營臺灣鐵路股份有限公司","26,332,605","01","臺鐵整體購置及汰換車輛計畫","3000","設備及投資","","","用途別一級","7141000","","","","",""
"5829018020","國營臺灣鐵路股份有限公司","26,332,605","01","臺鐵整體購置及汰換車輛計畫","3000","設備及投資","3045","投資","用途別二級","7141000","","","","",""
"5829018020","國營臺灣鐵路股份有限公司","26,332,605","02","臺鐵軌道結構安全提升計畫","","","","","分支計畫","1172359","","","","",""
"5829018020","國營臺灣鐵路股份有限公司","26,332,605","02","臺鐵軌道結構安全提升計畫","3000","設備及投資","","","用途別一級","1172359","","","","",""
"5829018020","國營臺灣鐵路股份有限公司","26,332,605","02","臺鐵軌道結構安全提升計畫","3000","設備及投資","3045","投資","用途別二級","1172359","","","","",""
"5829018020","國營臺灣鐵路股份有限公司","26,332,605","03","高雄機廠潮州基地二期工程建","","","","","分支計畫","1500000","","","","",""
"5829018020","國營臺灣鐵路股份有限公司","26,332,605","03","高雄機廠潮州基地二期工程建","3000","設備及投資","","","用途別一級","1500000","","","","",""
"5829018020","國營臺灣鐵路股份有限公司","26,332,605","03","高雄機廠潮州基地二期工程建","3000","設備及投資","3045","投資","用途別二級","1500000","","","","",""
"5829018020","國營臺灣鐵路股份有限公司","26,332,605","04","臺鐵營運虧損及提升行車安全作為之補貼","","","","","分支計畫","7898787","","","","",""
"5829018020","國營臺灣鐵路股份有限公司","26,332,605","04","臺鐵營運虧損及提升行車安全作為之補貼","4000","獎補助費","","","用途別一級","7898787","2.本年度編列預算7,898,787千元，補貼臺鐵公司提供服務性路線、小站等公共運輸服務所致營運虧損1,144,846千元，及客貨運輸運價未能調整反映合理運輸成本所致營運虧損6,733,941千元；提升行車安全，持續改善營運安全文化等所需20,000千元。","2","true","",""
"5829018020","國營臺灣鐵路股份有限公司","26,332,605","04","臺鐵營運虧損及提升行車安全作為之補貼","4000","獎補助費","4030","對特種基金之補助","用途別二級","7898787","2.本年度編列預算7,898,787千元，補貼臺鐵公司提供服務性路線、小站等公共運輸服務所致營運虧損1,144,846千元，及客貨運輸運價未能調整反映合理運輸成本所致營運虧損6,733,941千元；提升行車安全，持續改善營運安全文化等所需20,000千元。","2","true","",""
"5829018020","國營臺灣鐵路股份有限公司","26,332,605","05","臺鐵舊制退撫金","","","","","分支計畫","3898309","","","","",""
"5829018020","國營臺灣鐵路股份有限公司","26,332,605","05","臺鐵舊制退撫金","3000","設備及投資","","","用途別一級","3898309","臺鐵舊制退撫金：依據「國營臺灣鐵路股份有限公司設置條例」第17條第2項後段規定，原臺灣鐵路管理局已辦理退休、撫卹人員及繼續任用人員具有參加退撫新制施行前任職年資者，其尚未支付之員工舊制退撫金，由本部逐年編列預算支應，本年度編列預算3,898,309千元。","0","true","",""
"5829018020","國營臺灣鐵路股份有限公司","26,332,605","05","臺鐵舊制退撫金","3000","設備及投資","3045","投資","用途別二級","3898309","臺鐵舊制退撫金：依據「國營臺灣鐵路股份有限公司設置條例」第17條第2項後段規定，原臺灣鐵路管理局已辦理退休、撫卹人員及繼續任用人員具有參加退撫新制施行前任職年資者，其尚未支付之員工舊制退撫金，由本部逐年編列預算支應，本年度編列預算3,898,309千元。","0","true","",""
"5829018020","國營臺灣鐵路股份有限公司","26,332,605","06","臺鐵公司營業所需基礎設施建設重置計畫","","","","","分支計畫","933100","","","","",""
"5829018020","國營臺灣鐵路股份有限公司","26,332,605","06","臺鐵公司營業所需基礎設施建設重置計畫","3000","設備及投資","","","用途別一級","933100","","","","",""
"5829018020","國營臺灣鐵路股份有限公司","26,332,605","06","臺鐵公司營業所需基礎設施建設重置計畫","3000","設備及投資","3045","投資","用途別二級","933100","","","","",""
"5829018020","國營臺灣鐵路股份有限公司","26,332,605","07","臺鐵公司營業所需車輛維修計畫","","","","","分支計畫","2500000","","","","",""
"5829018020","國營臺灣鐵路股份有限公司","26,332,605","07","臺鐵公司營業所需車輛維修計畫","3000","設備及投資","","","用途別一級","2500000","","","","",""
"5829018020","國營臺灣鐵路股份有限公司","26,332,605","07","臺鐵公司營業所需車輛維修計畫","3000","設備及投資","3045","投資","用途別二級","2500000","","","","",""
"5829018020","國營臺灣鐵路股份有限公司","26,332,605","08","高鐵彰化站與臺鐵轉乘接駁計畫","","","","","分支計畫","200000","","","","",""
"5829018020","國營臺灣鐵路股份有限公司","26,332,605","08","高鐵彰化站與臺鐵轉乘接駁計畫","3000","設備及投資","","","用途別一級","200000","","","","",""
"5829018020","國營臺灣鐵路股份有限公司","26,332,605","08","高鐵彰化站與臺鐵轉乘接駁計畫","3000","設備及投資","3045","投資","用途別二級","200000","","","","",""
"5829018020","國營臺灣鐵路股份有限公司","26,332,605","09","臺鐵集集支線基礎設施改善計畫","","","","","分支計畫","850000","","","","",""
"5829018020","國營臺灣鐵路股份有限公司","26,332,605","09","臺鐵集集支線基礎設施改善計畫","3000","設備及投資","","","用途別一級","850000","","","","",""
"5829018020","國營臺灣鐵路股份有限公司","26,332,605","09","臺鐵集集支線基礎設施改善計畫","3000","設備及投資","3045","投資","用途別二級","850000","","","","",""
"5829018020","國營臺灣鐵路股份有限公司","26,332,605","10","重點橋梁行車安全提昇計畫","","","","","分支計畫","238000","","","","",""
"5829018020","國營臺灣鐵路股份有限公司","26,332,605","10","重點橋梁行車安全提昇計畫","3000","設備及投資","","","用途別一級","238000","","","","",""
"5829018020","國營臺灣鐵路股份有限公司","26,332,605","10","重點橋梁行車安全提昇計畫","3000","設備及投資","3045","投資","用途別二級","238000","","","","",""
"5829018020","國營臺灣鐵路股份有限公司","26,332,605","11","無人載具產業發展統籌型計畫-鐵路巡查","","","","","分支計畫","1050","","","","",""
"5829018020","國營臺灣鐵路股份有限公司","26,332,605","11","無人載具產業發展統籌型計畫-鐵路巡查","3000","設備及投資","","","用途別一級","1050","2.本年度編列預算1,050千元，購置非軍用無人機辦理邊坡、橋梁設施及建築物工程檢測等事項。","2","true","",""
"5829018020","國營臺灣鐵路股份有限公司","26,332,605","11","無人載具產業發展統籌型計畫-鐵路巡查","3000","設備及投資","3045","投資","用途別二級","1050","2.本年度編列預算1,050千元，購置非軍用無人機辦理邊坡、橋梁設施及建築物工程檢測等事項。","2","true","",""
"5829018050","國際機場園區股份有限公司","4,507,100","01","桃園國際機場股份有限公司","","","","","分支計畫","4500000","","","","",""
"5829018050","國際機場園區股份有限公司","4,507,100","01","桃園國際機場股份有限公司","3000","設備及投資","","","用途別一級","4500000","為維持公司財務健全，落實第三航廈建設之推展，本年度編列預算4,500,000千元。","1","true","",""
"5829018050","國際機場園區股份有限公司","4,507,100","01","桃園國際機場股份有限公司","3000","設備及投資","3045","投資","用途別二級","4500000","為維持公司財務健全，落實第三航廈建設之推展，本年度編列預算4,500,000千元。","1","true","",""
"5829018050","國際機場園區股份有限公司","4,507,100","02","無人載具產業發展統籌型計畫-機場園區","","","","","分支計畫","7100","","","","",""
"5829018050","國際機場園區股份有限公司","4,507,100","02","無人載具產業發展統籌型計畫-機場園區","3000","設備及投資","","","用途別一級","7100","2.本年度編列預算7,100千元，購置非軍用無人機辦理災情勘查、熱源偵測及強化機場緊急事件巡查等事項。","2","true","",""
"5829018050","國際機場園區股份有限公司","4,507,100","02","無人載具產業發展統籌型計畫-機場園區","3000","設備及投資","3045","投資","用途別二級","7100","2.本年度編列預算7,100千元，購置非軍用無人機辦理災情勘查、熱源偵測及強化機場緊急事件巡查等事項。","2","true","",""
"5829018060","中華郵政股份有限公司","8,000","01","無人載具產業發展統籌型計畫-郵務配送","","","","","分支計畫","8000","","","","",""
"5829018060","中華郵政股份有限公司","8,000","01","無人載具產業發展統籌型計畫-郵務配送","3000","設備及投資","","","用途別一級","8000","2.本年度編列預算8,000千元，購置非軍用無人機辦理無人機配送服務應用範圍及試辦地區、提供特定地區配送服務等事項。","1","true","",""
"5829018060","中華郵政股份有限公司","8,000","01","無人載具產業發展統籌型計畫-郵務配送","3000","設備及投資","3045","投資","用途別二級","8000","2.本年度編列預算8,000千元，購置非軍用無人機辦理無人機配送服務應用範圍及試辦地區、提供特定地區配送服務等事項。","1","true","",""
"5829018070","臺灣港務股份有限公司","8,800","01","無人載具產業發展統籌型計畫-商港巡檢","","","","","分支計畫","8800","","","","",""
"5829018070","臺灣港務股份有限公司","8,800","01","無人載具產業發展統籌型計畫-商港巡檢","3000","設備及投資","","","用途別一級","8800","2.本年度編列預算8,800千元，購置非軍用無人機辦理提升商港區域監控重大填海造地工程施工進度管理、巡檢任務、緊急應變現場蒐證、勘災任務成效等事項。","1","true","",""
"5829018070","臺灣港務股份有限公司","8,800","01","無人載具產業發展統籌型計畫-商港巡檢","3000","設備及投資","3045","投資","用途別二級","8800","2.本年度編列預算8,800千元，購置非軍用無人機辦理提升商港區域監控重大填海造地工程施工進度管理、巡檢任務、緊急應變現場蒐證、勘災任務成效等事項。","1","true","",""
"5829018120","交通作業基金","121,395","01","連結亞太強韌陸海空網路計畫-完備光纜通道支線計畫","","","","","分支計畫","106250","","","","",""
"5829018120","交通作業基金","121,395","01","連結亞太強韌陸海空網路計畫-完備光纜通道支線計畫","3000","設備及投資","","","用途別一級","106250","","","","",""
"5829018120","交通作業基金","121,395","01","連結亞太強韌陸海空網路計畫-完備光纜通道支線計畫","3000","設備及投資","3045","投資","用途別二級","106250","","","","",""
"5829018120","交通作業基金","121,395","02","無人載具產業發展統籌型計畫-國道公路","","","","","分支計畫","15145","","","","",""
"5829018120","交通作業基金","121,395","02","無人載具產業發展統籌型計畫-國道公路","3000","設備及投資","","","用途別一級","15145","2.本年度編列預算15,145千元，購置非軍用無人機辦理國道設施巡檢輔助作業、施工歷程與橋梁河道沖刷變遷紀錄、交通管理分析及災害調查等事項。","2","true","",""
"5829018120","交通作業基金","121,395","02","無人載具產業發展統籌型計畫-國道公路","3000","設備及投資","3045","投資","用途別二級","15145","2.本年度編列預算15,145千元，購置非軍用無人機辦理國道設施巡檢輔助作業、施工歷程與橋梁河道沖刷變遷紀錄、交通管理分析及災害調查等事項。","2","true","",""
"5829018600","都市大眾捷運系統建設計畫","8,151,634","01","臺北捷運系統信義線向東延伸規劃報告書暨周邊土地發展計","","","","","分支計畫","62500","","","","",""
"5829018600","都市大眾捷運系統建設計畫","8,151,634","01","臺北捷運系統信義線向東延伸規劃報告書暨周邊土地發展計","4000","獎補助費","","","用途別一級","62500","","","","",""
"5829018600","都市大眾捷運系統建設計畫","8,151,634","01","臺北捷運系統信義線向東延伸規劃報告書暨周邊土地發展計","4000","獎補助費","4005","對直轄市政府之補助","用途別二級","62500","","","","",""
"5829018600","都市大眾捷運系統建設計畫","8,151,634","02","臺北捷運系統萬大－中和－樹林線規劃報告書暨周邊土地發","","","","","分支計畫","750000","","","","",""
"5829018600","都市大眾捷運系統建設計畫","8,151,634","02","臺北捷運系統萬大－中和－樹林線規劃報告書暨周邊土地發","4000","獎補助費","","","用途別一級","750000","","","","",""
"5829018600","都市大眾捷運系統建設計畫","8,151,634","02","臺北捷運系統萬大－中和－樹林線規劃報告書暨周邊土地發","4000","獎補助費","4005","對直轄市政府之補助","用途別二級","750000","","","","",""
"5829018600","都市大眾捷運系統建設計畫","8,151,634","03","臺北都會區大眾捷運系統環狀線東環段暨周邊土地開發計畫","","","","","分支計畫","300000","","","","",""
"5829018600","都市大眾捷運系統建設計畫","8,151,634","03","臺北都會區大眾捷運系統環狀線東環段暨周邊土地開發計畫","4000","獎補助費","","","用途別一級","300000","","","","",""
"5829018600","都市大眾捷運系統建設計畫","8,151,634","03","臺北都會區大眾捷運系統環狀線東環段暨周邊土地開發計畫","4000","獎補助費","4005","對直轄市政府之補助","用途別二級","300000","","","","",""
"5829018600","都市大眾捷運系統建設計畫","8,151,634","04","臺北都會區大眾捷運系統環狀線北環段及南環段暨周邊土地","","","","","分支計畫","1150000","","","","",""
"5829018600","都市大眾捷運系統建設計畫","8,151,634","04","臺北都會區大眾捷運系統環狀線北環段及南環段暨周邊土地","4000","獎補助費","","","用途別一級","1150000","","","","",""
"5829018600","都市大眾捷運系統建設計畫","8,151,634","04","臺北都會區大眾捷運系統環狀線北環段及南環段暨周邊土地","4000","獎補助費","4005","對直轄市政府之補助","用途別二級","1150000","","","","",""
"5829018600","都市大眾捷運系統建設計畫","8,151,634","05","臺北都會區大眾捷運系統三鶯線暨周邊土地開發計畫","","","","","分支計畫","750000","","","","",""
"5829018600","都市大眾捷運系統建設計畫","8,151,634","05","臺北都會區大眾捷運系統三鶯線暨周邊土地開發計畫","4000","獎補助費","","","用途別一級","750000","","","","",""
"5829018600","都市大眾捷運系統建設計畫","8,151,634","05","臺北都會區大眾捷運系統三鶯線暨周邊土地開發計畫","4000","獎補助費","4005","對直轄市政府之補助","用途別二級","750000","","","","",""
"5829018600","都市大眾捷運系統建設計畫","8,151,634","06","捷運汐止東湖線路線規劃及沿線周邊土地整體開發計畫","","","","","分支計畫","258475","","","","",""
"5829018600","都市大眾捷運系統建設計畫","8,151,634","06","捷運汐止東湖線路線規劃及沿線周邊土地整體開發計畫","4000","獎補助費","","","用途別一級","258475","","","","",""
"5829018600","都市大眾捷運系統建設計畫","8,151,634","06","捷運汐止東湖線路線規劃及沿線周邊土地整體開發計畫","4000","獎補助費","4005","對直轄市政府之補助","用途別二級","258475","","","","",""
"5829018600","都市大眾捷運系統建設計畫","8,151,634","07","桃園都會區大眾捷運系統航空城捷運線暨土地整合發展計畫","","","","","分支計畫","825750","","","","",""
"5829018600","都市大眾捷運系統建設計畫","8,151,634","07","桃園都會區大眾捷運系統航空城捷運線暨土地整合發展計畫","4000","獎補助費","","","用途別一級","825750","","","","",""
"5829018600","都市大眾捷運系統建設計畫","8,151,634","07","桃園都會區大眾捷運系統航空城捷運線暨土地整合發展計畫","4000","獎補助費","4005","對直轄市政府之補助","用途別二級","825750","","","","",""
"5829018600","都市大眾捷運系統建設計畫","8,151,634","08","臺中捷運藍線建設計畫","","","","","分支計畫","168950","","","","",""
"5829018600","都市大眾捷運系統建設計畫","8,151,634","08","臺中捷運藍線建設計畫","4000","獎補助費","","","用途別一級","168950","","","","",""
"5829018600","都市大眾捷運系統建設計畫","8,151,634","08","臺中捷運藍線建設計畫","4000","獎補助費","4005","對直轄市政府之補助","用途別二級","168950","","","","",""
"5829018600","都市大眾捷運系統建設計畫","8,151,634","09","臺南市先進運輸(大眾捷運)系統第一期藍線建設及周邊土地","","","","","分支計畫","45925","","","","",""
"5829018600","都市大眾捷運系統建設計畫","8,151,634","09","臺南市先進運輸(大眾捷運)系統第一期藍線建設及周邊土地","4000","獎補助費","","","用途別一級","45925","2.本年度編列預算45,925千元補助臺南市政府，辦理工作項目如下：(1)基本設計顧問服務、獨立查證與確證(IV&V)服務及工程施作等。","2","true","",""
"5829018600","都市大眾捷運系統建設計畫","8,151,634","09","臺南市先進運輸(大眾捷運)系統第一期藍線建設及周邊土地","4000","獎補助費","4005","對直轄市政府之補助","用途別二級","45925","2.本年度編列預算45,925千元補助臺南市政府，辦理工作項目如下：(1)基本設計顧問服務、獨立查證與確證(IV&V)服務及工程施作等。(2)工程管理費係依臺南市政府所屬機關學校工程管理費及工作費支用要點規定，按施工費提列約3%，以辦理各項工程配合之相關費用，並配合工程結算總價覈實於得提列數額內執行。","2","","","true"
"5829018600","都市大眾捷運系統建設計畫","8,151,634","10","高雄都會區大眾捷運系統小港林園線建設及周邊土地開發計","","","","","分支計畫","1050000","","","","",""
"5829018600","都市大眾捷運系統建設計畫","8,151,634","10","高雄都會區大眾捷運系統小港林園線建設及周邊土地開發計","4000","獎補助費","","","用途別一級","1050000","","","","",""
"5829018600","都市大眾捷運系統建設計畫","8,151,634","10","高雄都會區大眾捷運系統小港林園線建設及周邊土地開發計","4000","獎補助費","4005","對直轄市政府之補助","用途別二級","1050000","","","","",""
"5829018600","都市大眾捷運系統建設計畫","8,151,634","11","高雄都會區大眾捷運系統都會線(黃線)建設及周邊土地開發","","","","","分支計畫","2391725","","","","",""
"5829018600","都市大眾捷運系統建設計畫","8,151,634","11","高雄都會區大眾捷運系統都會線(黃線)建設及周邊土地開發","4000","獎補助費","","","用途別一級","2391725","","","","",""
"5829018600","都市大眾捷運系統建設計畫","8,151,634","11","高雄都會區大眾捷運系統都會線(黃線)建設及周邊土地開發","4000","獎補助費","4005","對直轄市政府之補助","用途別二級","2391725","","","","",""
"5829018600","都市大眾捷運系統建設計畫","8,151,634","12","淡海輕軌運輸系統","","","","","分支計畫","48284","","","","",""
"5829018600","都市大眾捷運系統建設計畫","8,151,634","12","淡海輕軌運輸系統","4000","獎補助費","","","用途別一級","48284","","","","",""
"5829018600","都市大眾捷運系統建設計畫","8,151,634","12","淡海輕軌運輸系統","4000","獎補助費","4005","對直轄市政府之補助","用途別二級","48284","","","","",""
"5829018600","都市大眾捷運系統建設計畫","8,151,634","13","臺北捷運系統萬大－中和－樹林線規劃報告書暨周邊土地發","","","","","分支計畫","291925","","","","",""
"5829018600","都市大眾捷運系統建設計畫","8,151,634","13","臺北捷運系統萬大－中和－樹林線規劃報告書暨周邊土地發","4000","獎補助費","","","用途別一級","291925","","","","",""
"5829018600","都市大眾捷運系統建設計畫","8,151,634","13","臺北捷運系統萬大－中和－樹林線規劃報告書暨周邊土地發","4000","獎補助費","4005","對直轄市政府之補助","用途別二級","291925","","","","",""
"5829018600","都市大眾捷運系統建設計畫","8,151,634","14","高雄都會區大眾捷運系統岡山路竹延伸線(第二B階段)暨周","","","","","分支計畫","58100","","","","",""
"5829018600","都市大眾捷運系統建設計畫","8,151,634","14","高雄都會區大眾捷運系統岡山路竹延伸線(第二B階段)暨周","4000","獎補助費","","","用途別一級","58100","","","","",""
"5829018600","都市大眾捷運系統建設計畫","8,151,634","14","高雄都會區大眾捷運系統岡山路竹延伸線(第二B階段)暨周","4000","獎補助費","4005","對直轄市政府之補助","用途別二級","58100","","","","",""
"5829019011","交通及運輸設備","5,800","01","交通及運輸設備","","","","","分支計畫","5800","","","","",""
"5829019011","交通及運輸設備","5,800","01","交通及運輸設備","3000","設備及投資","","","用途別一級","5800","汰購電動汽車3輛經費5,800千元。","0","true","",""
"5829019011","交通及運輸設備","5,800","01","交通及運輸設備","3000","設備及投資","3025","運輸設備費","用途別二級","5800","汰購電動汽車3輛經費5,800千元。","0","true","",""
"5829019800","第一預備金","11,149","01","第一預備金","","","","","分支計畫","11149","","","","",""
"5829019800","第一預備金","11,149","01","第一預備金","6000","預備金","","","用途別一級","11149","","","","",""
"5829019800","第一預備金","11,149","01","第一預備金","6000","預備金","6005","第一預備金","用途別二級","11149","","","","",""
"7629016600","交通事業民營化前員工退休撫卹照護給付","7,616,466","01","交通事業民營化前員工退休撫卹照護給付","","","","","分支計畫","7616466","","","","",""
"7629016600","交通事業民營化前員工退休撫卹照護給付","7,616,466","01","交通事業民營化前員工退休撫卹照護給付","1000","人事費","","","用途別一級","7610369","","","","",""
"7629016600","交通事業民營化前員工退休撫卹照護給付","7,616,466","01","交通事業民營化前員工退休撫卹照護給付","1000","人事費","1030","獎金","用途別二級","88589","","","","",""
"7629016600","交通事業民營化前員工退休撫卹照護給付","7,616,466","01","交通事業民營化前員工退休撫卹照護給付","1000","人事費","1045","退休退職給付","用途別二級","7521780","","","","",""
"7629016600","交通事業民營化前員工退休撫卹照護給付","7,616,466","01","交通事業民營化前員工退休撫卹照護給付","4000","獎補助費","","","用途別一級","6097","","","","",""
"7629016600","交通事業民營化前員工退休撫卹照護給付","7,616,466","01","交通事業民營化前員工退休撫卹照護給付","4000","獎補助費","4060","對公保軍保退撫基金之補助及挹注","用途別二級","84","","","","",""
"7629016600","交通事業民營化前員工退休撫卹照護給付","7,616,466","01","交通事業民營化前員工退休撫卹照護給付","4000","獎補助費","4085","獎勵及慰問","用途別二級","6013","","","","",""
"5871290100","一般性交通補助－交通部","256,400","01","智慧運輸系統發展建設計畫","","","","","分支計畫","226400","","","","",""
"5871290100","一般性交通補助－交通部","256,400","01","智慧運輸系統發展建設計畫","4000","獎補助費","","","用途別一級","226400","","","","",""
"5871290100","一般性交通補助－交通部","256,400","01","智慧運輸系統發展建設計畫","4000","獎補助費","4005","對直轄市政府之補助","用途別二級","99615","","","","",""
"5871290100","一般性交通補助－交通部","256,400","01","智慧運輸系統發展建設計畫","4000","獎補助費","4010","對各縣市政府之補助","用途別二級","126785","","","","",""
"5871290100","一般性交通補助－交通部","256,400","02","營造深度減碳運輸環境暨打造低耗能交通場域計畫","","","","","分支計畫","30000","","","","",""
"5871290100","一般性交通補助－交通部","256,400","02","營造深度減碳運輸環境暨打造低耗能交通場域計畫","4000","獎補助費","","","用途別一級","30000","","","","",""
"5871290100","一般性交通補助－交通部","256,400","02","營造深度減碳運輸環境暨打造低耗能交通場域計畫","4000","獎補助費","4010","對各縣市政府之補助","用途別二級","30000","","","","",""